G,Years,Days,Age,Team,Home,Win,Diff,Game Started,MP,FG,FGA,3P,3PA,FT,FTA,ORB,DRB,Total RB,AST,STL,BLK,TOV,PF,PTS,GmSc
1,21,252,21.6899384,CHI,1,1,16,1,40,5,16,0,0,6,7,1,5,6,7,2,4,5,2,16,12.5
2,21,253,21.69267625,CHI,0,0,-2,1,34,8,13,0,0,5,5,3,2,5,5,2,1,3,4,21,19.4
3,21,255,21.69815195,CHI,1,1,6,1,34,13,24,0,0,11,13,2,2,4,5,6,2,3,4,37,32.9
4,21,256,21.7008898,CHI,0,1,5,1,36,8,21,0,0,9,9,2,2,4,5,3,1,6,5,25,14.7
5,21,258,21.7063655,CHI,0,0,-16,1,33,7,15,0,0,3,4,3,2,5,5,1,1,2,4,17,13.2
6,21,264,21.72279261,CHI,0,1,4,1,27,9,19,0,0,7,9,1,3,4,3,3,1,5,5,25,14.9
7,21,265,21.72553046,CHI,0,1,15,1,33,15,22,0,0,3,4,4,4,8,5,3,2,5,2,33,29.3
8,21,267,21.73100616,CHI,0,1,2,1,42,9,22,0,0,9,12,2,7,9,4,2,5,3,4,27,21.2
9,21,270,21.73921971,CHI,1,1,3,1,43,18,27,1,1,8,11,2,8,10,4,3,2,4,4,45,37.5
10,21,272,21.74469541,CHI,1,0,-20,1,33,12,24,0,1,3,3,0,2,2,2,2,1,1,4,27,17.1
11,21,274,21.75017112,CHI,1,0,-9,1,44,4,17,0,0,8,8,0,5,5,7,5,2,4,5,16,12.5
12,21,276,21.75564682,CHI,1,0,-17,1,39,11,26,0,3,12,16,2,3,5,2,2,1,3,3,34,20.8
13,21,278,21.76112252,CHI,0,0,-10,1,42,11,22,0,0,13,14,4,9,13,2,2,2,6,3,35,26.7
14,21,280,21.76659822,CHI,0,1,19,1,30,9,13,0,0,5,6,0,4,4,3,4,1,4,4,23,19.5
15,21,281,21.76933607,CHI,0,0,-10,1,41,10,24,0,1,10,10,3,3,6,8,3,1,4,4,30,23.9
16,21,284,21.77754962,CHI,0,0,-6,1,24,6,10,0,0,1,1,0,2,2,3,3,2,4,1,13,11.1
17,21,286,21.78302533,CHI,0,0,-5,1,30,9,17,1,1,3,4,1,2,3,2,2,0,2,5,22,14
18,21,287,21.78576318,CHI,0,1,4,1,37,9,15,0,0,2,4,2,3,5,5,3,0,4,4,20,15.5
19,21,289,21.79123888,CHI,0,1,1,1,42,7,13,0,0,6,8,2,0,2,3,1,1,4,3,20,12.9
20,21,291,21.79671458,CHI,1,1,15,1,35,7,13,0,0,6,6,1,2,3,6,1,0,3,3,20,16
21,21,294,21.80492813,CHI,1,1,2,1,43,8,16,0,1,5,7,1,1,2,3,2,0,6,5,21,9.3
22,21,295,21.80766598,CHI,1,1,2,1,35,10,23,0,0,0,0,4,3,7,2,0,2,2,3,20,11.2
23,21,298,21.81587953,CHI,1,0,-7,1,37,13,28,0,1,1,3,1,7,8,6,2,0,3,4,27,16.2
24,21,299,21.81861739,CHI,0,0,-7,1,30,6,17,0,2,9,10,0,1,1,2,2,1,1,5,21,12.5
25,21,301,21.82409309,CHI,0,0,-2,1,44,12,25,0,0,10,10,2,6,8,8,1,0,0,4,34,29.5
26,21,302,21.82683094,CHI,1,0,-12,1,27,7,16,0,0,0,0,1,1,2,2,1,0,1,2,14,7.2
27,21,305,21.83504449,CHI,1,0,-8,1,45,8,20,0,1,2,4,1,2,3,8,3,0,1,2,18,14.5
28,21,307,21.84052019,CHI,0,1,3,1,41,12,22,0,0,10,16,4,4,8,7,5,1,7,5,34,26.6
29,21,309,21.84599589,CHI,1,1,25,1,35,12,18,0,0,8,8,1,11,12,8,0,3,3,3,32,31.7
30,21,314,21.85968515,CHI,1,1,4,1,44,20,33,0,1,5,5,2,5,7,11,3,0,3,1,45,40.1
31,21,316,21.86516085,CHI,1,0,-3,1,39,7,18,0,0,7,9,1,3,4,5,0,0,3,6,21,10.1
32,21,320,21.87611225,CHI,0,0,-14,1,34,10,14,0,0,5,6,1,6,7,4,3,0,4,2,25,22.3
33,21,322,21.88158795,CHI,1,1,5,1,38,9,16,0,1,4,5,0,2,2,6,3,0,0,4,22,20.2
34,21,323,21.8843258,CHI,0,0,-6,1,42,16,25,0,0,10,11,4,3,7,4,2,1,3,3,42,35.5
35,21,327,21.89527721,CHI,0,0,-3,1,42,12,24,0,0,12,13,4,2,6,6,2,1,4,4,36,28.3
36,21,329,21.90075291,CHI,1,1,16,1,30,8,14,0,0,7,7,2,4,6,5,2,0,5,3,23,18.3
37,21,330,21.90349076,CHI,0,0,-3,1,36,10,21,0,1,4,6,4,8,12,3,1,0,3,5,24,15.8
38,21,332,21.90896646,CHI,1,1,9,1,43,11,16,0,0,13,15,2,12,14,15,3,1,6,3,35,39.4
39,21,334,21.91444216,CHI,0,0,-6,1,44,8,17,0,1,11,12,1,6,7,7,2,0,6,3,27,20.1
40,21,335,21.91718001,CHI,1,1,5,1,40,8,20,0,0,9,12,0,4,4,6,2,2,3,4,25,17.2
41,21,337,21.92265572,CHI,0,0,-3,1,41,15,27,2,4,6,8,2,10,12,7,3,2,2,5,38,34
42,21,340,21.93086927,CHI,1,1,8,1,39,11,20,0,1,7,7,1,11,12,5,2,0,4,4,29,23.3
43,21,343,21.93908282,CHI,1,1,17,1,37,6,15,0,1,10,10,2,2,4,8,4,2,1,3,22,24.7
44,21,344,21.94182067,CHI,1,1,13,1,43,17,24,0,0,11,11,1,7,8,10,0,4,5,3,45,41.4
45,21,347,21.95003422,CHI,1,1,6,1,38,11,17,0,0,4,6,0,7,7,7,3,0,1,3,26,25.5
46,21,348,21.95277207,CHI,0,0,-11,1,41,12,19,0,0,14,15,0,7,7,8,4,0,4,3,38,35.6
47,21,350,21.95824778,CHI,0,0,-11,1,37,9,16,0,2,13,14,0,6,6,5,2,0,3,5,31,25.3
48,21,354,21.96919918,CHI,1,0,-4,1,45,14,25,0,1,13,14,4,8,12,7,4,1,1,6,41,40.1
49,21,356,21.97467488,CHI,0,0,-9,1,38,8,17,0,0,7,8,3,1,4,7,4,0,7,6,23,15.8
50,21,361,21.98836413,CHI,1,1,13,1,45,19,31,0,0,11,13,7,8,15,5,4,0,6,5,49,40.9
51,21,364,21.99657769,CHI,1,0,-18,1,37,8,20,0,1,1,2,1,6,7,6,0,2,4,1,17,9.5
52,22,0,22,CHI,0,0,-20,1,34,9,15,0,0,8,8,2,1,3,3,2,1,5,1,26,20.2
53,22,2,22.0054757,CHI,1,0,-10,1,30,6,13,0,2,4,5,4,2,6,8,0,0,3,5,16,12.9
54,22,5,22.01368925,CHI,0,0,-10,1,42,8,18,0,0,10,12,1,3,4,7,3,0,3,3,26,21.1
55,22,6,22.0164271,CHI,1,1,15,1,32,15,20,0,0,8,8,1,4,5,5,3,0,0,4,38,36.8
56,22,9,22.02464066,CHI,1,0,-5,1,48,12,27,0,1,4,4,3,6,9,5,0,0,1,4,28,18.7
57,22,10,22.02737851,CHI,0,0,-9,1,35,8,17,0,1,8,9,1,5,6,2,4,1,4,3,24,18
58,22,12,22.03285421,CHI,1,1,5,1,38,6,15,0,0,9,12,2,8,10,10,3,0,7,2,21,17.7
59,22,14,22.03832991,CHI,1,0,-4,1,41,13,21,0,0,11,12,6,8,14,5,3,1,3,2,37,37.1
60,22,16,22.04380561,CHI,1,1,5,1,44,12,23,0,0,13,17,2,7,9,8,2,1,2,3,37,32.7
61,22,17,22.04654346,CHI,0,1,3,1,42,13,28,0,0,7,7,2,5,7,3,5,2,5,2,33,24.2
62,22,19,22.05201916,CHI,1,1,16,1,28,7,13,1,2,11,14,2,6,8,7,0,1,1,3,26,25.1
63,22,20,22.05475702,CHI,1,0,-6,1,38,9,21,1,1,9,16,2,4,6,4,5,0,6,5,28,16.5
64,22,22,22.06023272,CHI,0,0,-7,1,34,6,14,0,0,9,10,1,3,4,4,0,0,4,2,21,12.8
65,22,23,22.06297057,CHI,1,1,1,1,39,11,24,0,1,10,11,3,5,8,4,1,0,5,2,32,20.8
66,22,25,22.06844627,CHI,0,0,-9,1,34,5,18,0,0,6,11,1,2,3,8,1,0,1,3,16,9.1
67,22,26,22.07118412,CHI,1,1,6,1,42,11,15,0,0,5,6,1,8,9,14,2,2,6,3,27,29.6
68,22,28,22.07665982,CHI,1,1,2,1,48,11,25,0,3,10,13,6,5,11,16,1,1,3,5,32,31.3
69,22,30,22.08213552,CHI,0,0,-6,1,42,11,22,0,0,9,10,2,2,4,7,2,1,7,3,31,21
70,22,31,22.08487337,CHI,0,0,-8,1,43,14,23,0,1,10,12,3,4,7,4,3,0,2,5,38,31.8
71,22,34,22.09308693,CHI,0,1,10,1,43,5,17,0,0,10,10,3,6,9,10,2,1,1,1,20,22.3
72,22,35,22.09582478,CHI,0,0,-18,1,35,9,24,0,0,8,11,3,6,9,6,4,2,3,2,26,21.3
73,22,37,22.10130048,CHI,1,1,1,1,40,13,24,0,1,12,13,4,5,9,5,3,0,3,5,38,31.8
74,22,39,22.10677618,CHI,0,0,-8,1,41,11,25,1,3,12,14,4,4,8,10,2,0,2,4,35,30.5
75,22,41,22.11225188,CHI,1,0,-5,1,42,13,19,1,1,11,13,2,3,5,6,1,0,3,1,38,33.2
76,22,44,22.12046543,CHI,1,1,14,1,44,12,19,0,0,7,8,5,3,8,9,3,0,7,1,31,28.4
77,22,45,22.12320329,CHI,0,1,9,1,40,12,19,0,1,1,3,1,5,6,3,4,0,2,5,25,20
78,22,47,22.12867899,CHI,0,0,-3,1,38,13,21,0,1,14,15,0,1,1,5,3,0,2,6,40,32.5
79,22,48,22.13141684,CHI,0,1,3,1,43,12,18,0,0,9,9,2,5,7,4,3,2,7,4,33,26.7
80,22,50,22.13689254,CHI,0,0,-4,1,39,6,20,0,1,10,14,2,6,8,5,3,0,5,2,22,12.7
81,22,54,22.14784394,CHI,1,0,-11,1,36,11,16,0,1,6,7,2,1,3,6,5,0,7,3,28,23.5
82,22,55,22.15058179,CHI,0,0,-12,1,40,9,24,1,5,10,11,2,0,2,9,1,0,4,3,29,18.9
1,22,250,22.6844627,CHI,1,1,1,1,39,13,26,0,0,3,4,3,3,6,3,3,0,3,5,29,18.7
2,22,251,22.68720055,CHI,1,1,3,1,41,9,24,0,0,15,16,2,5,7,6,2,3,6,5,33,22.6
3,22,254,22.6954141,CHI,0,1,6,1,18,6,10,0,0,0,0,0,2,2,2,0,0,1,1,12,8
4,23,26,23.07118412,CHI,1,0,-9,0,13,4,7,0,0,4,7,0,1,1,2,1,0,1,2,12,8.4
5,23,28,23.07665982,CHI,0,0,-10,0,14,4,16,0,1,9,10,3,1,4,1,7,1,1,0,17,16.8
6,23,30,23.08213552,CHI,0,0,-6,0,15,4,14,0,2,4,6,4,0,4,3,2,2,1,1,12,9.9
7,23,32,23.08761123,CHI,0,0,-21,0,16,7,16,0,1,6,7,2,0,2,1,0,1,1,3,20,11.8
8,23,33,23.09034908,CHI,0,0,-26,0,16,4,13,0,0,0,1,1,0,1,1,0,0,1,2,8,-0.3
9,23,36,23.09856263,CHI,1,1,13,0,19,5,12,0,1,9,9,1,2,3,3,1,0,2,3,19,13.8
10,23,39,23.10677618,CHI,0,0,-11,0,22,9,15,0,0,4,6,0,1,1,3,5,0,3,4,22,17.1
11,23,40,23.10951403,CHI,0,1,10,0,23,10,17,0,1,4,6,1,0,1,1,1,3,4,2,24,15
12,23,43,23.11772758,CHI,0,0,-9,0,26,8,16,0,1,12,12,1,4,5,2,1,3,1,2,28,24.6
13,23,45,23.12320329,CHI,0,1,1,0,28,12,19,0,0,2,4,1,4,5,3,3,2,3,1,26,21.7
14,23,47,23.12867899,CHI,1,1,5,0,31,10,21,2,3,8,9,1,2,3,3,1,1,4,1,30,19.6
15,23,49,23.13415469,CHI,1,1,6,1,31,10,18,1,3,5,5,1,4,5,7,1,3,2,3,26,24.1
16,23,50,23.13689254,CHI,0,0,-13,1,33,12,25,0,2,6,6,1,5,6,6,2,1,7,2,30,18.6
17,23,53,23.14510609,CHI,1,1,2,1,37,12,36,0,1,7,10,1,4,5,2,3,1,2,5,31,12.4
18,23,55,23.15058179,CHI,0,0,-7,1,29,11,23,0,2,7,7,0,3,3,4,4,0,2,4,29,21.4
1,23,257,23.70362765,CHI,0,1,5,1,41,15,31,0,0,20,22,2,4,6,3,4,3,6,2,50,37.5
2,23,258,23.7063655,CHI,0,1,5,1,39,16,31,0,0,9,12,6,2,8,2,0,4,3,3,41,29.3
3,23,260,23.7118412,CHI,1,1,7,1,44,14,31,0,1,6,13,3,5,8,5,4,2,6,2,34,20.8
4,23,263,23.72005476,CHI,0,0,-6,1,42,11,26,0,1,11,15,0,0,0,5,1,1,3,4,33,18.2
5,23,264,23.72279261,CHI,1,1,5,1,39,17,27,0,0,5,5,3,3,6,3,5,0,3,2,39,33.2
6,23,267,23.73100616,CHI,1,1,2,1,39,14,32,0,0,6,6,4,1,5,3,1,3,5,4,34,18.9
7,23,268,23.73374401,CHI,0,0,-2,1,39,9,25,0,1,10,12,0,4,4,4,3,1,4,4,28,15.4
8,23,270,23.73921971,CHI,1,0,-12,1,41,17,33,1,1,13,14,2,3,5,1,2,1,0,3,48,35.8
9,23,277,23.75838467,CHI,1,1,2,1,40,14,26,0,0,12,15,1,5,6,4,3,2,2,2,40,32.8
10,23,278,23.76112252,CHI,1,1,9,1,39,10,26,0,0,2,3,2,7,9,4,3,1,3,3,22,13.2
11,23,282,23.77207392,CHI,0,0,-2,1,41,13,31,0,0,11,14,2,7,9,3,1,3,2,5,37,24
12,23,284,23.77754962,CHI,0,0,-7,1,45,19,43,0,1,3,4,8,2,10,3,1,1,3,4,41,23.5
13,23,285,23.78028747,CHI,0,0,-7,1,42,11,30,0,1,18,19,3,2,5,6,4,0,2,3,40,30.7
14,23,288,23.78850103,CHI,0,1,6,1,48,13,30,0,0,14,15,5,4,9,6,3,6,4,3,40,34.7
15,23,289,23.79123888,CHI,0,0,-5,1,40,17,33,0,2,11,13,0,3,3,3,6,1,2,3,45,34.4
16,23,291,23.79671458,CHI,0,0,-2,1,41,15,37,0,0,13,17,2,2,4,2,3,1,1,1,43,27.2
17,23,292,23.79945243,CHI,0,0,-9,1,44,18,38,0,2,7,7,5,0,5,3,1,1,2,4,43,27.3
18,23,295,23.80766598,CHI,1,1,6,1,42,16,30,0,0,8,9,2,4,6,6,3,4,3,3,40,33.4
19,23,296,23.81040383,CHI,0,0,-28,1,39,15,25,0,0,11,12,2,2,4,4,3,0,3,3,41,32.7
20,23,298,23.81587953,CHI,0,1,13,1,39,16,24,0,0,9,11,0,5,5,3,2,0,2,5,41,31.4
21,23,299,23.81861739,CHI,1,0,-23,1,31,3,17,0,0,5,8,0,4,4,2,0,1,2,2,11,-0.4
22,23,302,23.82683094,CHI,1,1,1,1,37,13,29,0,1,15,18,2,3,5,1,0,0,4,5,41,21.7
23,23,304,23.83230664,CHI,0,1,9,1,39,15,27,0,0,11,12,2,1,3,6,0,1,2,2,41,31.5
24,23,306,23.83778234,CHI,1,0,-2,1,38,10,26,0,0,7,8,0,4,4,7,2,4,5,3,27,17.1
25,23,309,23.84599589,CHI,1,1,16,1,35,18,33,0,1,7,7,4,1,5,6,2,0,3,2,43,32.6
26,23,311,23.85147159,CHI,0,0,-1,1,41,10,28,0,0,10,12,1,2,3,5,6,2,6,1,30,19.4
27,23,313,23.8569473,CHI,1,1,12,1,36,20,29,0,0,4,4,2,2,4,3,0,2,4,1,44,32.8
28,23,316,23.86516085,CHI,1,0,-3,1,40,12,27,2,3,5,7,1,4,5,3,4,0,2,4,31,20.5
29,23,319,23.8733744,CHI,0,0,-14,1,40,13,31,0,1,8,10,6,2,8,3,1,0,2,2,34,21.8
30,23,320,23.87611225,CHI,1,1,5,1,38,16,35,0,2,15,17,1,3,4,2,1,0,1,4,47,29.5
31,23,323,23.8843258,CHI,0,1,4,1,38,13,23,0,0,1,3,0,2,2,3,2,0,3,5,27,15
32,23,325,23.88980151,CHI,1,1,4,1,43,20,34,0,0,13,16,3,1,4,5,3,2,3,3,53,42.1
33,23,327,23.89527721,CHI,1,1,10,1,36,8,24,0,0,15,15,1,6,7,5,2,1,4,3,31,20.9
34,23,332,23.90896646,CHI,1,0,-11,1,43,17,43,1,4,8,9,1,2,3,3,2,1,2,2,43,22.6
35,23,334,23.91444216,CHI,1,1,16,1,44,17,34,0,0,13,14,5,5,10,6,4,1,4,2,47,38.7
36,23,336,23.91991786,CHI,0,0,-14,1,41,11,25,1,1,9,11,4,2,6,3,0,0,5,5,32,16.6
37,23,337,23.92265572,CHI,1,1,13,1,39,11,22,0,0,9,10,2,5,7,2,2,1,3,2,31,22.8
38,23,340,23.93086927,CHI,1,1,21,1,37,14,28,1,1,6,6,1,1,2,2,3,0,3,1,35,23
39,23,341,23.93360712,CHI,0,0,-30,1,27,11,20,0,0,5,6,0,0,0,1,1,0,1,4,27,16.1
40,23,344,23.94182067,CHI,1,0,-8,1,40,13,34,0,2,4,6,1,4,5,6,2,0,5,2,30,12.9
41,23,345,23.94455852,CHI,0,0,-29,1,37,11,23,0,2,5,8,1,3,4,4,1,1,6,3,27,13
42,23,347,23.95003422,CHI,0,0,-9,1,41,19,35,0,4,11,12,1,1,2,5,3,2,4,4,49,35
43,23,349,23.95550992,CHI,0,0,-2,1,44,14,39,1,5,9,9,4,1,5,5,5,0,2,5,38,23.9
44,23,351,23.96098563,CHI,1,1,7,1,43,12,28,0,1,8,9,3,3,6,6,0,2,5,3,32,19.2
45,23,353,23.96646133,CHI,0,0,-15,1,44,12,24,0,0,12,13,2,5,7,5,2,2,3,2,36,29.6
46,23,358,23.98015058,CHI,1,1,5,1,41,11,22,0,0,7,9,2,1,3,4,3,1,4,4,29,19.8
47,23,361,23.98836413,CHI,1,1,8,1,41,14,28,0,0,17,19,0,3,3,6,2,2,1,3,45,36.5
48,23,362,23.99110198,CHI,0,1,4,1,37,15,24,0,1,3,5,0,2,2,8,3,3,2,2,33,29.9
49,23,364,23.99657769,CHI,1,0,-4,1,48,13,30,0,1,17,18,1,6,7,6,5,4,7,5,43,32.3
50,24,3,24.00821355,CHI,1,0,-10,1,40,11,27,0,0,11,12,2,0,2,5,5,2,2,4,33,25.8
51,24,5,24.01368925,CHI,1,1,4,1,39,16,29,0,0,11,15,2,2,4,6,8,5,4,1,43,40.8
52,24,7,24.01916496,CHI,1,1,10,1,42,10,22,0,0,14,18,3,9,12,2,5,5,2,3,34,32.5
53,24,9,24.02464066,CHI,1,1,15,1,37,16,25,0,0,26,27,1,7,8,3,3,2,3,4,58,51.2
54,24,11,24.03011636,CHI,1,1,3,1,38,11,28,0,1,15,17,3,3,6,2,3,1,3,4,37,24.5
55,24,12,24.03285421,CHI,0,0,-10,1,39,10,23,0,1,10,12,3,1,4,4,3,2,7,4,30,18.1
56,24,14,24.03832991,CHI,1,1,34,1,28,11,17,0,0,8,9,0,3,3,8,3,2,2,1,30,30.6
57,24,15,24.04106776,CHI,0,1,5,1,43,22,39,0,0,17,18,3,4,7,3,3,3,5,0,61,47.6
58,24,17,24.04654346,CHI,1,0,-1,1,39,10,24,0,0,7,9,3,5,8,5,8,3,4,2,27,25.8
59,24,19,24.05201916,CHI,1,1,10,1,44,11,28,0,1,11,12,3,3,6,4,5,3,1,2,33,28.5
60,24,20,24.05475702,CHI,0,0,-5,1,42,12,26,0,1,7,10,2,5,7,8,3,1,3,2,31,24.8
61,24,22,24.06023272,CHI,0,0,-9,1,44,19,34,1,1,10,11,4,4,8,7,2,4,6,4,49,38.5
62,24,24,24.06570842,CHI,1,0,-1,1,36,7,22,0,0,10,13,1,3,4,3,0,0,2,2,24,11.1
63,24,25,24.06844627,CHI,0,0,-1,1,47,5,20,0,0,3,3,1,6,7,8,4,2,7,0,13,7.5
64,24,27,24.07392197,CHI,0,0,-1,1,43,15,28,0,1,14,14,1,3,4,5,4,0,4,5,44,33.5
65,24,28,24.07665982,CHI,0,0,-18,1,42,7,21,1,2,6,7,0,3,3,9,0,0,3,3,21,11.7
66,24,30,24.08213552,CHI,0,1,17,1,41,14,23,1,1,11,11,3,4,7,3,2,4,2,4,40,36.1
67,24,32,24.08761123,CHI,0,1,15,1,44,13,25,0,1,14,15,1,2,3,5,4,0,7,2,40,28.3
68,24,33,24.09034908,CHI,0,0,-2,1,43,14,26,0,2,18,20,0,1,1,6,4,0,7,3,46,32.9
69,24,35,24.09582478,CHI,1,1,2,1,44,22,32,0,1,12,15,1,6,7,3,8,0,7,2,56,46
70,24,37,24.10130048,CHI,0,0,-2,1,43,14,30,0,0,12,14,1,5,6,7,4,1,4,1,40,31.2
71,24,38,24.10403833,CHI,1,0,-5,1,40,9,23,0,0,4,5,3,4,7,7,7,1,3,3,22,20.8
72,24,40,24.10951403,CHI,1,1,19,1,40,13,24,0,2,7,9,0,1,1,8,4,1,1,3,33,29
73,24,42,24.11498973,CHI,1,1,26,1,34,12,18,0,0,12,14,0,3,3,4,3,1,4,2,36,30
74,24,43,24.11772758,CHI,0,0,-5,1,41,10,25,1,3,5,6,2,7,9,7,5,3,3,5,26,22.6
75,24,45,24.12320329,CHI,0,0,-4,1,45,13,22,1,2,5,5,1,1,2,7,2,1,4,4,32,24.8
76,24,46,24.12594114,CHI,0,0,-13,1,35,9,24,0,1,13,13,5,1,6,7,1,0,1,3,31,25.3
77,24,49,24.13415469,CHI,1,1,30,1,26,13,21,0,0,13,16,2,3,5,4,4,1,3,0,39,35.1
78,24,52,24.14236824,CHI,0,0,-2,1,50,11,31,0,1,12,15,3,3,6,10,3,1,3,3,34,25
79,24,54,24.14784394,CHI,1,1,21,1,42,19,27,0,0,15,18,2,2,4,8,4,2,3,2,53,49.7
80,24,55,24.15058179,CHI,0,1,7,1,41,16,31,0,1,18,22,1,8,9,4,4,3,1,5,50,42.1
81,24,58,24.15879535,CHI,1,0,-3,1,41,22,38,0,3,17,21,5,5,10,1,4,1,3,3,61,47.8
82,24,59,24.1615332,CHI,0,0,-3,1,25,5,15,0,0,7,7,1,3,4,8,0,2,1,2,17,15.3
1,24,263,24.72005476,CHI,1,1,10,1,38,15,25,0,0,6,10,2,3,5,3,6,4,2,3,36,32.9
2,24,266,24.72826831,CHI,0,1,10,1,42,11,23,1,3,6,9,0,6,6,7,1,1,3,3,29,20.3
3,24,267,24.73100616,CHI,0,1,9,1,40,10,20,0,1,11,13,1,2,3,4,2,0,5,4,31,19.7
4,24,269,24.73648186,CHI,1,1,18,1,35,10,19,0,0,16,17,3,4,7,5,6,1,3,1,36,36.4
5,24,270,24.73921971,CHI,1,0,-1,1,40,14,29,0,0,9,11,3,2,5,5,4,1,3,3,37,28.2
6,24,273,24.74743326,CHI,1,1,4,1,36,10,18,0,0,6,6,0,3,3,7,2,1,3,3,26,21.7
7,24,274,24.75017112,CHI,0,1,2,1,40,9,21,0,1,12,12,1,2,3,8,3,1,2,3,30,26.3
8,24,276,24.75564682,CHI,1,1,2,1,40,10,22,0,0,13,14,0,7,7,7,4,4,2,3,33,31.8
9,24,277,24.75838467,CHI,1,0,-12,1,44,17,38,0,2,15,17,2,4,6,8,6,1,4,6,49,36.9
10,24,279,24.76386037,CHI,0,1,5,1,41,12,26,0,0,7,10,4,6,10,3,4,0,5,5,31,20.1
11,24,281,24.76933607,CHI,0,1,2,1,39,13,24,0,1,7,8,1,2,3,6,3,1,1,5,33,27.2
12,24,283,24.77481177,CHI,0,0,-1,1,45,8,20,0,1,9,9,1,5,6,9,3,1,3,2,25,22.6
13,24,284,24.77754962,CHI,0,1,12,1,41,12,22,0,1,10,10,3,4,7,6,4,2,7,4,34,27.7
14,24,287,24.78576318,CHI,0,1,1,1,40,6,15,0,0,4,6,0,6,6,9,3,1,3,2,16,15.1
15,24,288,24.78850103,CHI,0,1,4,1,39,17,27,0,0,13,16,2,2,4,9,3,3,2,4,47,43.5
16,24,290,24.79397673,CHI,0,0,-16,1,35,9,15,1,1,4,5,1,3,4,5,4,0,4,4,23,19.2
17,24,291,24.79671458,CHI,0,0,-9,1,40,15,22,0,2,10,12,1,1,2,8,1,0,6,3,40,30.2
18,24,294,24.80492813,CHI,1,0,-13,1,42,14,26,0,1,5,6,1,4,5,10,3,3,7,4,33,25.4
19,24,296,24.81040383,CHI,1,1,6,1,40,11,18,0,0,10,11,1,6,7,4,3,1,3,2,32,28.6
20,24,298,24.81587953,CHI,1,1,9,1,40,16,28,0,0,12,12,0,3,3,9,5,5,3,3,44,42.3
21,24,301,24.82409309,CHI,0,0,-4,1,50,12,26,1,2,13,16,3,5,8,12,3,1,2,6,38,34.7
22,24,303,24.82956879,CHI,1,1,11,1,41,20,31,0,0,12,12,0,3,3,6,4,1,2,2,52,45.3
23,24,305,24.83504449,CHI,0,0,-13,1,43,12,23,0,0,6,8,0,2,2,7,3,2,2,3,30,24.6
24,24,308,24.84325804,CHI,1,0,-11,1,41,11,20,0,1,6,7,4,2,6,7,4,2,4,4,28,26.1
25,24,309,24.84599589,CHI,0,0,-1,1,39,5,15,0,0,6,9,1,4,5,2,3,0,2,3,16,9.4
26,24,312,24.85420945,CHI,0,0,-14,1,34,6,22,0,0,5,6,2,4,6,6,0,2,5,3,17,5.6
27,24,315,24.862423,CHI,1,0,-10,1,43,16,37,0,2,7,9,6,2,8,6,5,0,2,5,39,28.7
28,24,319,24.8733744,CHI,1,1,23,1,37,9,19,0,0,7,7,3,7,10,10,6,3,1,4,25,32
29,24,322,24.88158795,CHI,1,1,16,1,38,12,20,0,0,7,8,6,5,11,9,4,5,2,5,31,36.9
30,24,324,24.88706366,CHI,1,1,4,1,42,11,22,0,0,6,11,3,6,9,5,6,4,3,2,28,27.4
31,24,326,24.89253936,CHI,1,1,22,1,38,17,23,0,0,11,14,1,2,3,8,4,0,1,3,45,43.2
32,24,329,24.90075291,CHI,1,0,-7,1,43,19,35,0,1,4,5,2,2,4,6,3,1,0,0,42,34.6
33,24,331,24.90622861,CHI,0,0,-3,1,45,12,24,0,1,4,6,3,1,4,7,1,2,4,3,28,19.7
34,24,333,24.91170431,CHI,1,1,16,1,38,12,26,0,0,12,13,4,6,10,10,4,4,3,3,36,36.4
35,24,335,24.91718001,CHI,1,1,14,1,39,13,19,0,0,7,10,0,3,3,7,5,0,2,4,33,30.9
36,24,336,24.91991786,CHI,0,0,-12,1,41,14,22,0,0,10,10,0,3,3,4,3,1,2,0,38,33.6
37,24,339,24.92813142,CHI,1,1,10,1,38,17,25,0,0,8,8,0,4,4,13,4,4,2,2,42,45.6
38,24,340,24.93086927,CHI,1,1,27,1,38,13,19,0,0,10,13,3,4,7,8,3,1,2,5,36,35.3
39,24,343,24.93908282,CHI,0,0,-4,1,40,13,26,1,1,7,10,2,5,7,5,2,1,6,5,34,20.9
40,24,344,24.94182067,CHI,0,1,10,1,46,12,21,1,1,12,12,2,2,4,7,2,1,2,5,37,32.7
41,24,346,24.94729637,CHI,1,1,27,1,27,14,18,0,0,4,5,0,1,1,4,10,2,3,1,32,35.7
42,24,347,24.95003422,CHI,1,1,2,1,44,10,17,0,1,8,8,1,4,5,4,2,4,5,3,28,23.4
43,24,349,24.95550992,CHI,0,0,-2,1,40,13,31,0,0,11,15,0,5,5,3,5,2,4,4,37,23.3
44,24,350,24.95824778,CHI,0,0,-9,1,40,14,26,0,0,11,11,1,1,2,4,3,1,3,3,39,29.7
45,24,352,24.96372348,CHI,0,1,12,1,37,14,27,0,1,9,11,1,4,5,8,0,1,0,1,37,30.7
46,24,357,24.97741273,CHI,1,0,-15,1,42,7,22,0,0,6,8,1,6,7,9,4,0,2,4,20,15.8
47,24,358,24.98015058,CHI,0,0,-9,1,37,10,23,0,2,14,15,2,2,4,4,1,3,3,3,34,25.2
48,24,360,24.98562628,CHI,0,1,2,1,43,9,19,0,1,9,10,0,6,6,8,0,0,3,3,27,20.1
49,24,361,24.98836413,CHI,0,0,-9,1,40,9,22,0,1,9,10,0,2,2,2,3,2,4,0,27,17.2
50,24,363,24.99383984,CHI,1,1,19,1,38,13,22,0,0,6,8,3,10,13,8,5,2,2,2,32,35.3
51,25,2,25.0054757,CHI,1,1,21,1,38,19,27,0,0,11,14,2,1,3,3,3,3,5,2,49,39.6
52,25,4,25.0109514,CHI,0,0,-2,1,45,16,31,0,2,14,15,1,3,4,9,3,1,3,3,46,37.7
53,25,6,25.0164271,CHI,1,1,7,1,48,11,29,0,0,17,20,2,7,9,5,4,2,0,4,39,32.7
54,25,9,25.02464066,CHI,1,0,-8,1,43,21,34,0,2,10,12,2,6,8,3,2,3,6,5,52,37.2
55,25,10,25.02737851,CHI,1,0,-3,1,44,16,27,0,0,6,8,1,1,2,3,3,3,3,5,38,27.9
56,25,12,25.03285421,CHI,0,0,-1,1,46,13,22,0,0,9,13,1,4,5,4,2,0,3,1,35,26.5
57,25,15,25.04106776,CHI,1,1,4,1,41,15,29,0,0,6,9,0,10,10,7,3,2,5,4,36,26.2
58,25,17,25.04654346,CHI,1,1,24,1,27,9,13,0,0,3,4,0,6,6,4,4,2,2,2,21,22.3
59,25,19,25.05201916,CHI,0,0,-12,1,44,12,24,0,2,14,16,1,9,10,3,1,0,4,4,38,26.1
60,25,22,25.06023272,CHI,1,1,21,1,42,17,34,0,1,4,4,5,4,9,7,3,1,2,2,38,31.5
61,25,24,25.06570842,CHI,1,1,20,1,34,9,22,0,0,10,12,3,4,7,6,0,0,2,2,28,20.1
62,25,27,25.07392197,CHI,1,1,19,1,37,17,29,0,0,4,7,4,2,6,1,2,1,2,2,38,27.3
63,25,28,25.07665982,CHI,0,0,-3,1,39,10,23,0,0,5,5,3,1,4,5,0,2,3,2,25,16.4
64,25,30,25.08213552,CHI,1,1,10,1,42,19,32,1,2,11,11,2,3,5,9,5,1,1,4,50,46.9
65,25,32,25.08761123,CHI,0,0,-30,1,39,10,18,0,0,6,8,0,4,4,7,1,1,5,4,26,17.8
66,25,35,25.09582478,CHI,0,1,16,1,42,20,35,0,1,9,12,5,8,13,2,0,2,0,4,49,38.4
67,25,37,25.10130048,CHI,0,1,1,1,48,14,29,0,0,11,13,2,6,8,7,2,4,3,3,39,32.2
68,25,38,25.10403833,CHI,1,1,9,1,42,16,27,0,2,6,9,0,3,3,2,3,4,6,2,38,25.6
69,25,41,25.11225188,CHI,0,0,-3,1,42,8,17,0,0,10,12,1,3,4,4,2,2,6,3,26,17.1
70,25,42,25.11498973,CHI,0,1,17,1,34,15,25,0,0,6,6,2,4,6,4,6,0,2,3,36,32.7
71,25,44,25.12046543,CHI,0,1,15,1,42,13,30,1,2,11,13,4,7,11,7,3,0,3,5,38,29.2
72,25,46,25.12594114,CHI,0,1,2,1,42,21,27,0,1,17,19,2,2,4,6,2,2,1,4,59,54.7
73,25,48,25.13141684,CHI,1,0,-11,1,42,12,20,0,1,5,8,1,2,3,1,4,2,6,4,29,18.4
74,25,49,25.13415469,CHI,0,1,9,1,44,12,22,0,0,13,13,1,5,6,6,3,1,5,5,37,29.5
75,25,51,25.13963039,CHI,1,1,9,1,43,13,24,0,0,14,18,3,3,6,3,8,1,3,4,40,36
76,25,57,25.15605749,CHI,0,1,6,1,38,12,28,0,2,11,12,2,4,6,3,3,1,2,3,35,25
77,25,58,25.15879535,CHI,0,1,1,1,39,11,20,0,0,6,8,0,0,0,4,2,0,3,5,28,17.4
78,25,60,25.16427105,CHI,1,1,8,1,38,17,29,0,1,10,14,1,2,3,6,4,3,2,4,44,36.9
79,25,62,25.16974675,CHI,0,1,3,1,40,18,27,0,2,11,13,3,2,5,2,2,1,6,4,47,33.7
80,25,64,25.17522245,CHI,0,0,-7,1,41,17,33,0,2,5,6,3,0,3,8,2,1,4,5,39,26.7
81,25,65,25.1779603,CHI,1,0,-4,1,42,12,26,0,0,2,2,1,0,1,7,4,1,2,5,26,18.9
82,25,67,25.183436,CHI,1,1,7,1,44,16,25,0,1,14,15,0,6,6,6,1,1,3,3,46,38
1,25,261,25.71457906,CHI,1,0,-13,1,43,10,19,0,2,8,12,1,4,5,7,5,2,2,5,28,26.3
2,25,262,25.71731691,CHI,0,1,13,1,39,9,21,0,0,11,12,0,2,2,7,3,0,5,4,29,19.4
3,25,265,25.72553046,CHI,0,0,-9,1,39,13,21,2,3,3,3,2,1,3,9,2,0,4,5,31,25.5
4,25,266,25.72826831,CHI,0,1,6,1,42,18,33,2,4,14,16,0,3,3,2,9,2,2,4,52,44.4
5,25,268,25.73374401,CHI,1,1,12,1,41,14,24,0,1,8,11,1,5,6,3,3,4,6,2,36,26.9
6,25,269,25.73648186,CHI,0,0,-6,1,43,17,31,0,3,8,12,2,5,7,6,3,1,1,2,42,34.5
7,25,272,25.74469541,CHI,1,1,13,1,43,14,27,0,0,5,6,1,5,6,6,5,1,3,2,33,27.6
8,25,273,25.74743326,CHI,0,0,-13,1,43,24,29,0,1,4,4,3,6,9,1,4,2,4,2,52,46.5
9,25,275,25.75290897,CHI,1,1,3,1,49,12,21,0,0,10,13,1,8,9,9,1,0,6,4,34,25.7
10,25,279,25.76386037,CHI,0,1,16,1,38,16,20,0,0,0,0,1,10,11,8,1,1,2,3,32,32.2
11,25,280,25.76659822,CHI,0,0,-8,1,41,7,15,1,2,11,12,2,10,12,7,5,4,6,4,26,27.4
12,25,283,25.77481177,CHI,0,0,-5,1,44,19,27,3,5,11,14,2,9,11,7,1,0,6,3,52,42.3
13,25,286,25.78302533,CHI,0,0,-10,1,43,11,24,0,1,4,4,2,8,10,7,4,0,3,3,26,22.1
14,25,287,25.78576318,CHI,0,0,-14,1,39,11,25,0,1,11,13,4,4,8,5,2,1,3,1,33,25.9
15,25,290,25.79397673,CHI,0,1,13,1,43,16,31,0,0,7,8,3,8,11,6,2,3,2,5,39,32.1
16,25,293,25.80219028,CHI,1,1,5,1,43,14,20,0,0,10,11,2,7,9,5,5,0,6,4,38,33.6
17,25,294,25.80492813,CHI,0,0,-13,1,40,4,16,0,0,10,11,3,4,7,7,1,2,3,1,18,15.2
18,25,296,25.81040383,CHI,1,1,18,1,40,10,17,0,2,15,17,3,8,11,5,1,1,5,3,35,29.8
19,25,297,25.81314168,CHI,1,1,23,1,37,14,25,1,2,9,10,2,9,11,4,2,0,1,3,38,32.4
20,25,300,25.82135524,CHI,1,0,-18,1,41,11,24,0,1,6,6,2,12,14,6,2,0,1,3,28,24.6
21,25,303,25.82956879,CHI,1,1,7,1,38,10,22,0,3,8,9,3,4,7,7,6,0,2,4,28,26.8
22,25,304,25.83230664,CHI,0,1,19,1,40,12,25,0,1,12,12,0,6,6,5,3,0,3,2,36,27.8
23,25,307,25.84052019,CHI,1,1,13,1,39,11,23,2,3,18,22,4,3,7,8,4,0,1,0,42,41
24,25,310,25.84873374,CHI,0,0,-2,1,41,14,26,0,0,5,6,2,3,5,4,6,0,7,5,33,22.1
25,25,314,25.85968515,CHI,1,0,-11,1,42,18,30,1,1,6,6,3,9,12,4,3,0,4,3,43,34.6
26,25,316,25.86516085,CHI,1,1,2,1,40,14,27,0,2,9,12,1,8,9,3,3,0,3,2,37,26.9
27,25,317,25.8678987,CHI,0,1,16,1,37,13,26,0,0,5,5,2,5,7,4,4,2,2,1,31,26.7
28,25,321,25.8788501,CHI,1,1,5,1,47,15,30,0,3,11,15,1,9,10,11,6,0,4,5,41,35.5
29,25,323,25.8843258,CHI,0,0,-5,1,41,13,24,1,2,5,5,2,9,11,7,2,0,2,2,32,28.6
30,25,324,25.88706366,CHI,1,0,-14,1,37,12,21,0,0,3,5,1,4,5,4,2,1,2,2,27,20.9
31,25,328,25.89801506,CHI,0,1,3,1,41,17,29,0,2,14,16,4,6,10,9,3,0,4,2,48,42.8
32,25,329,25.90075291,CHI,0,1,5,1,40,7,15,0,0,10,11,1,3,4,10,3,1,6,4,24,20.6
33,25,331,25.90622861,CHI,1,1,5,1,46,13,24,0,1,12,13,1,11,12,11,3,0,6,4,38,33.1
34,25,333,25.91170431,CHI,1,1,6,1,41,13,23,0,3,16,17,1,8,9,11,8,0,2,2,42,46.7
35,25,335,25.91718001,CHI,1,1,7,1,44,10,18,0,1,2,4,1,5,6,13,4,1,2,4,22,25
36,25,337,25.92265572,CHI,0,1,4,1,41,14,25,0,1,6,8,3,2,5,7,2,1,1,3,34,29.4
37,25,339,25.92813142,CHI,1,0,-9,1,41,20,28,0,0,13,15,1,13,14,8,2,1,4,4,53,47.9
38,25,342,25.93634497,CHI,1,1,18,1,33,10,20,0,1,4,5,1,2,3,6,3,0,1,1,24,20.7
39,25,343,25.93908282,CHI,0,0,-12,1,45,14,25,0,0,5,5,0,6,6,12,2,1,2,5,33,30
40,25,345,25.94455852,CHI,1,1,11,1,39,14,25,0,0,5,8,3,8,11,9,3,1,1,4,33,31.8
41,25,349,25.95550992,CHI,1,0,-6,1,41,7,24,0,1,7,10,3,9,12,10,2,1,5,6,21,12.9
42,25,351,25.96098563,CHI,1,1,11,1,40,15,21,0,0,10,12,1,6,7,8,4,0,6,2,40,35.8
43,25,352,25.96372348,CHI,0,0,-7,1,45,10,24,0,1,9,12,2,4,6,10,5,1,3,3,29,26.1
44,25,354,25.96919918,CHI,0,0,-11,1,42,10,18,1,4,7,8,2,4,6,10,1,1,1,3,28,28.1
45,25,356,25.97467488,CHI,1,1,25,1,32,11,20,1,2,9,10,2,5,7,5,2,0,3,3,32,26.2
46,25,358,25.98015058,CHI,0,1,5,1,43,9,20,0,0,5,8,3,3,6,9,2,1,6,2,23,16.6
47,25,363,25.99383984,CHI,1,0,-8,1,36,11,14,1,1,9,16,2,3,5,3,3,1,3,4,32,27.3
48,25,365,25.99931554,CHI,1,1,1,1,40,16,26,1,2,17,18,2,6,8,5,3,0,4,4,50,41.9
49,26,2,26.0054757,CHI,0,1,2,1,40,9,19,0,0,5,6,0,3,3,9,2,3,7,4,23,15.6
50,26,3,26.00821355,CHI,1,1,4,1,36,13,22,0,0,7,8,2,4,6,7,1,0,4,3,33,25.7
51,26,5,26.01368925,CHI,0,1,28,1,37,10,14,0,1,4,5,0,4,4,5,1,0,6,4,24,15.9
52,26,7,26.01916496,CHI,1,1,9,1,38,10,18,0,0,13,15,0,4,4,8,4,0,2,2,33,31.6
53,26,8,26.02190281,CHI,0,0,-30,1,30,7,12,0,0,4,5,1,4,5,3,3,0,4,3,18,13.8
54,26,11,26.03011636,CHI,1,1,19,1,34,11,16,0,0,2,2,4,2,6,8,2,1,4,1,24,24.5
55,26,14,26.03832991,CHI,1,1,6,1,41,10,18,1,1,7,11,2,6,8,9,2,1,6,4,28,22.4
56,26,15,26.04106776,CHI,0,0,-18,1,42,10,16,0,0,8,8,1,2,3,10,2,0,4,4,28,25.5
57,26,18,26.04928131,CHI,1,0,-2,1,39,15,27,0,0,4,5,3,8,11,4,3,0,2,2,34,28.2
58,26,22,26.06023272,CHI,1,1,17,1,40,8,13,0,0,2,2,1,7,8,15,1,3,3,3,18,24.3
59,26,24,26.06570842,CHI,1,1,32,1,30,7,15,3,4,4,4,3,11,14,14,3,2,1,0,21,31.9
60,26,26,26.07118412,CHI,0,0,-24,1,38,12,22,0,0,4,5,1,5,6,12,3,0,8,3,28,21.4
61,26,28,26.07665982,CHI,1,1,5,1,41,9,16,2,2,13,14,1,4,5,9,4,1,4,5,33,31.9
62,26,29,26.07939767,CHI,0,0,-11,1,44,11,24,0,1,6,7,0,6,6,10,0,1,2,1,28,22.3
63,26,32,26.08761123,CHI,0,1,1,1,43,7,20,0,0,7,8,1,7,8,16,1,0,5,3,21,18.2
64,26,33,26.09034908,CHI,0,1,1,1,37,10,20,0,0,12,12,0,10,10,9,1,0,3,5,32,27.3
65,26,35,26.09582478,CHI,0,1,15,1,40,10,20,1,3,13,16,3,4,7,17,6,0,7,4,34,35.4
66,26,36,26.09856263,CHI,0,1,1,1,40,8,18,0,0,5,5,1,11,12,12,3,0,6,3,21,19.8
67,26,39,26.10677618,CHI,1,1,9,1,40,13,24,0,1,7,9,1,11,12,11,4,0,5,4,33,29.7
68,26,40,26.10951403,CHI,0,1,4,1,43,9,19,0,1,14,16,1,9,10,10,2,1,4,4,32,29
69,26,42,26.11498973,CHI,1,0,-9,1,43,15,29,1,2,6,7,2,8,10,10,3,1,3,4,37,32.2
70,26,44,26.12046543,CHI,1,1,11,1,39,11,23,0,1,5,5,5,9,14,12,2,2,3,2,27,29.5
71,26,46,26.12594114,CHI,1,1,20,1,40,10,15,0,2,13,15,4,6,10,12,6,1,3,1,33,42
72,26,48,26.13141684,CHI,0,0,-7,1,43,11,23,1,5,8,8,2,11,13,10,2,0,2,2,31,30.2
73,26,49,26.13415469,CHI,1,0,-2,1,42,11,18,0,0,18,21,1,6,7,11,2,0,1,6,40,39.4
74,26,51,26.13963039,CHI,0,0,-8,1,43,13,29,0,3,14,14,4,6,10,12,1,0,2,3,40,35.7
75,26,55,26.15058179,CHI,0,0,-4,1,46,17,30,0,1,13,14,2,9,11,13,4,2,4,3,47,45.8
76,26,56,26.15331964,CHI,0,0,-12,1,38,12,27,0,1,5,7,2,8,10,12,3,2,4,2,29,25.9
77,26,58,26.15879535,CHI,0,0,-19,1,27,8,14,0,1,6,6,0,3,3,3,2,1,5,2,22,15.3
78,26,59,26.1615332,CHI,1,1,4,1,42,11,21,1,3,11,13,1,10,11,9,2,3,5,3,34,30.8
79,26,62,26.16974675,CHI,0,0,-2,1,39,9,20,0,0,12,13,2,3,5,4,1,1,6,4,30,18.4
80,26,63,26.1724846,CHI,1,1,2,1,42,13,31,0,0,8,11,6,8,14,11,2,1,1,1,34,31.9
81,26,65,26.1779603,CHI,1,0,-6,1,35,9,19,0,2,7,8,3,2,5,3,1,0,3,3,25,16.5
1,26,259,26.70910335,CHI,1,1,5,1,47,19,31,1,2,15,17,3,11,14,6,3,1,0,3,54,51.2
2,26,260,26.7118412,CHI,1,0,-2,1,34,10,18,0,3,4,6,0,5,5,6,5,1,4,5,24,20
3,26,263,26.72005476,CHI,1,1,3,1,44,13,24,0,2,14,17,2,3,5,7,3,0,4,1,40,33
4,26,264,26.72279261,CHI,0,1,12,1,40,15,24,1,1,14,14,1,5,6,2,2,0,3,2,45,36
5,26,266,26.72826831,CHI,0,0,-10,1,41,8,22,0,0,10,11,3,3,6,5,2,0,2,4,26,18.3
6,26,267,26.73100616,CHI,1,1,7,1,34,8,15,1,2,8,9,0,4,4,6,3,1,4,4,25,20.8
7,26,270,26.73921971,CHI,0,1,2,1,40,11,25,1,1,4,8,6,7,13,7,2,0,4,2,27,20.7
8,26,271,26.74195756,CHI,0,0,-1,1,38,12,26,0,3,16,19,1,9,10,3,1,0,2,3,40,28.7
9,26,274,26.75017112,CHI,0,0,-9,1,39,12,26,3,8,5,7,3,3,6,7,1,0,2,3,32,23.5
10,26,277,26.75838467,CHI,0,0,-11,1,36,5,13,1,3,5,6,0,0,0,7,2,0,4,1,16,11
11,26,278,26.76112252,CHI,0,1,5,1,44,12,30,1,3,9,10,2,5,7,7,2,0,2,2,34,24.4
12,26,281,26.76933607,CHI,0,1,13,1,41,12,29,1,5,4,5,6,8,14,9,3,0,3,3,29,24.8
13,26,282,26.77207392,CHI,0,0,-24,1,33,9,18,1,2,7,10,3,4,7,4,2,2,7,3,26,17.1
14,26,284,26.77754962,CHI,1,1,15,1,39,8,15,0,0,6,6,0,9,9,13,3,0,4,4,22,23.9
15,26,288,26.78850103,CHI,0,1,7,1,36,11,16,0,0,14,15,2,3,5,7,0,1,5,4,36,30.1
16,26,291,26.79671458,CHI,1,1,20,1,33,15,27,0,1,5,5,8,9,17,7,1,1,1,0,35,36
17,26,294,26.80492813,CHI,0,0,-2,1,46,14,25,1,3,7,9,0,8,8,10,4,1,4,4,36,31.8
18,26,295,26.80766598,CHI,1,1,20,1,36,13,21,3,6,0,0,0,9,9,9,1,0,1,3,29,27.3
19,26,298,26.81587953,CHI,1,1,8,1,41,18,29,2,2,3,4,1,6,7,7,2,1,2,1,41,35.2
20,26,300,26.82135524,CHI,1,1,11,1,25,14,20,3,3,7,9,2,5,7,5,2,0,1,2,38,35.4
21,26,302,26.82683094,CHI,1,1,11,1,41,13,28,0,1,7,10,2,7,9,7,2,2,0,2,33,28.4
22,26,305,26.83504449,CHI,1,1,10,1,44,15,29,2,4,5,5,0,7,7,5,2,1,7,1,37,23.6
23,26,306,26.83778234,CHI,0,0,-1,1,45,20,37,2,3,10,10,1,4,5,7,4,0,3,3,52,40.7
24,26,308,26.84325804,CHI,0,1,12,1,32,10,17,2,3,7,8,0,4,4,4,2,0,4,4,29,21.1
25,26,309,26.84599589,CHI,0,0,-27,1,30,5,13,0,1,6,6,1,3,4,6,2,0,4,2,16,11.9
26,26,312,26.85420945,CHI,1,1,13,1,35,12,17,3,5,1,2,1,1,2,4,4,1,3,4,28,24.4
27,26,315,26.862423,CHI,1,1,4,1,42,10,26,1,2,13,15,1,4,5,7,3,0,4,4,34,23.2
28,26,316,26.86516085,CHI,0,1,5,1,43,13,26,0,2,2,2,1,6,7,10,4,3,3,4,28,26
29,26,320,26.87611225,CHI,0,1,6,1,46,15,32,0,3,8,9,1,7,8,8,4,0,1,4,38,31
30,26,322,26.88158795,CHI,1,1,11,1,41,19,31,2,5,3,3,0,4,4,6,4,0,3,4,43,33.7
31,26,323,26.8843258,CHI,0,0,-7,1,41,13,23,3,7,6,7,1,8,9,5,5,1,6,3,35,28.8
32,26,326,26.89253936,CHI,0,0,-10,1,34,6,17,1,3,3,4,3,5,8,5,2,1,4,2,16,11.1
33,26,327,26.89527721,CHI,0,0,-7,1,42,13,30,1,3,8,8,2,5,7,5,2,1,2,0,35,26.3
34,26,329,26.90075291,CHI,0,1,12,1,40,19,28,0,1,7,9,2,2,4,6,1,0,2,4,45,35.8
35,26,330,26.90349076,CHI,1,1,6,1,34,11,21,2,4,4,6,0,5,5,10,4,0,0,1,28,29
36,26,332,26.90896646,CHI,0,0,-3,1,42,9,24,0,2,8,9,1,3,4,8,3,0,5,3,26,16.4
37,26,335,26.91718001,CHI,1,1,25,1,33,17,30,7,12,3,3,3,9,12,8,1,2,2,3,44,39.4
38,26,336,26.91991786,CHI,0,1,8,1,40,12,24,0,3,12,16,3,6,9,3,7,0,7,1,36,28
39,26,338,26.92539357,CHI,1,1,8,1,41,10,17,4,5,18,20,1,9,10,7,4,2,4,4,42,41.4
40,26,340,26.93086927,CHI,1,0,-12,1,45,11,31,1,6,9,11,2,4,6,2,2,1,4,5,32,14.6
41,26,343,26.93908282,CHI,0,0,-11,1,42,12,27,0,2,7,9,2,3,5,11,2,0,1,3,31,25.9
42,26,344,26.94182067,CHI,1,1,3,1,35,15,25,1,3,8,8,2,5,7,4,4,0,3,3,39,33
43,26,346,26.94729637,CHI,1,1,10,1,30,7,14,0,2,2,3,2,5,7,9,1,1,4,2,16,14.7
44,26,349,26.95550992,CHI,0,0,-27,1,38,16,31,0,2,3,4,2,4,6,5,2,0,3,0,35,24.4
45,26,351,26.96098563,CHI,0,0,-1,1,46,17,32,2,4,8,8,3,0,3,5,2,0,3,3,44,31.8
46,26,355,26.97193703,CHI,0,0,-18,1,40,12,21,0,1,8,12,0,4,4,4,0,1,8,3,32,16
47,26,356,26.97467488,CHI,0,0,-25,1,37,5,18,1,2,4,6,0,1,1,8,1,1,4,2,15,6.4
48,26,361,26.98836413,CHI,0,1,12,1,40,8,16,0,1,10,11,1,3,4,6,3,0,3,4,26,21.8
49,26,362,26.99110198,CHI,0,0,-6,1,47,21,43,0,2,7,10,1,6,7,2,0,1,0,1,49,30.3
50,26,364,26.99657769,CHI,1,1,14,1,31,10,14,1,2,5,6,0,3,3,4,2,0,5,2,26,19.7
51,27,1,27.00273785,CHI,0,1,23,1,36,15,26,0,2,9,10,1,2,3,4,2,1,0,4,39,31.6
52,27,2,27.0054757,CHI,1,1,5,1,42,11,25,0,0,8,9,2,4,6,9,2,0,5,3,30,21.2
53,27,6,27.0164271,CHI,1,1,11,1,35,12,25,2,2,9,10,2,8,10,10,1,0,6,4,35,26.1
54,27,8,27.02190281,CHI,0,1,1,1,44,12,24,0,1,8,9,1,7,8,8,2,2,5,4,32,24.8
55,27,10,27.02737851,CHI,1,1,10,1,41,13,25,0,1,17,19,2,4,6,6,3,0,3,4,43,35.1
56,27,13,27.03559206,CHI,1,1,21,1,31,8,12,2,4,5,6,0,4,4,4,1,2,0,2,23,23
57,27,15,27.04106776,CHI,0,1,4,1,40,11,23,1,1,13,15,0,6,6,11,4,0,2,4,36,33.4
58,27,17,27.04654346,CHI,0,1,9,1,37,14,26,2,4,5,6,2,6,8,6,4,0,2,5,35,29.4
59,27,19,27.05201916,CHI,1,0,-4,1,47,12,29,0,6,19,22,5,2,7,4,7,0,3,5,43,35.2
60,27,21,27.05749487,CHI,1,1,12,1,39,17,27,1,2,10,10,2,5,7,3,5,1,2,5,45,39.6
61,27,24,27.06570842,CHI,0,1,3,1,42,11,19,1,3,11,12,2,6,8,7,1,1,4,2,34,29.7
62,27,27,27.07392197,CHI,1,0,-25,1,41,8,17,3,5,1,3,0,8,8,7,1,0,3,3,20,14.6
63,27,28,27.07665982,CHI,1,1,5,1,39,13,21,3,6,3,4,2,6,8,10,2,1,2,2,32,32.2
64,27,31,27.08487337,CHI,1,1,25,1,39,8,19,1,2,4,4,3,5,8,5,2,2,3,2,21,17.6
65,27,32,27.08761123,CHI,0,1,10,1,38,10,20,0,2,7,9,2,2,4,6,5,0,1,2,27,25.6
66,27,34,27.09308693,CHI,1,1,7,1,40,18,32,0,3,5,6,2,4,6,5,5,1,3,1,41,33.8
67,27,35,27.09582478,CHI,1,0,-3,1,39,16,28,2,3,9,10,1,4,5,6,5,0,1,3,43,38.3
68,27,37,27.10130048,CHI,1,1,29,1,28,14,24,0,1,0,0,4,8,12,5,6,0,2,0,28,29.5
69,27,39,27.10677618,CHI,0,1,4,1,50,23,37,2,6,21,23,7,11,18,6,4,1,2,5,69,64.6
70,27,41,27.11225188,CHI,1,1,1,1,45,20,34,1,3,8,9,1,11,12,4,5,2,2,3,49,42.8
71,27,43,27.11772758,CHI,1,1,8,1,41,20,29,1,2,6,9,2,4,6,7,3,3,5,2,47,40.3
72,27,45,27.12320329,CHI,1,1,7,1,44,8,19,1,4,12,12,1,3,4,10,0,2,0,4,29,27.3
73,27,47,27.12867899,CHI,1,1,7,1,39,14,23,2,6,8,10,1,6,7,3,4,1,2,2,38,33.2
74,27,49,27.13415469,CHI,0,1,1,1,40,15,26,3,5,10,13,2,1,3,4,2,1,0,3,43,35.6
75,27,53,27.14510609,CHI,1,1,21,1,31,9,15,1,4,3,4,1,4,5,7,3,1,2,5,22,21.2
76,27,55,27.15058179,CHI,1,1,10,1,39,10,16,1,4,5,6,1,5,6,10,8,2,4,3,26,31.8
77,27,56,27.15331964,CHI,0,0,-10,1,37,10,21,1,2,0,1,1,2,3,5,1,0,2,4,21,12.1
78,27,58,27.15879535,CHI,0,0,-9,1,45,11,24,0,2,1,2,3,4,7,6,4,0,6,5,23,13.7
79,27,59,27.1615332,CHI,1,1,6,1,36,13,24,2,3,7,8,1,10,11,6,2,1,6,3,35,26.4
80,27,61,27.1670089,CHI,1,1,3,1,36,12,26,2,5,6,6,3,3,6,7,5,1,3,4,32,27.6
81,27,62,27.16974675,CHI,0,0,-4,1,35,21,29,0,2,3,3,1,7,8,9,3,0,3,5,45,40.2
82,27,64,27.17522245,CHI,0,0,-5,1,37,10,23,1,3,1,2,3,7,10,4,2,0,2,3,22,15.3
1,27,258,27.7063655,CHI,1,0,-8,1,34,14,24,1,3,5,5,3,2,5,7,7,0,5,4,34,30.8
2,27,259,27.70910335,CHI,0,0,-1,1,46,11,22,0,0,6,9,4,6,10,1,1,0,2,2,28,19.3
3,27,262,27.71731691,CHI,1,0,-2,1,45,14,28,0,1,5,6,3,5,8,12,3,0,2,4,33,30
4,27,263,27.72005476,CHI,0,1,5,1,39,7,14,0,0,3,5,2,3,5,6,0,1,1,5,17,13.4
5,27,265,27.72553046,CHI,0,1,20,1,34,17,25,0,1,7,8,1,4,5,6,2,0,3,3,41,33.8
6,27,266,27.72826831,CHI,1,1,19,1,36,8,15,0,0,7,8,1,5,6,8,3,0,3,1,23,22.7
7,27,269,27.73648186,CHI,0,1,2,1,38,10,22,1,1,8,10,3,8,11,5,1,2,1,1,29,25.8
8,27,271,27.74195756,CHI,0,0,-10,1,38,6,12,0,1,2,3,2,6,8,6,1,1,2,4,14,13.1
9,27,273,27.74743326,CHI,0,1,21,1,27,13,20,0,0,7,8,1,3,4,3,7,1,1,0,33,34.2
10,27,274,27.75017112,CHI,0,0,-13,1,41,12,25,0,2,5,6,0,5,5,7,1,1,2,4,29,20.4
11,27,277,27.75838467,CHI,0,0,-2,1,40,15,32,0,0,4,4,0,4,4,4,4,0,3,1,34,22.2
12,27,279,27.76386037,CHI,0,1,8,1,31,5,12,0,0,4,4,3,3,6,7,3,0,2,3,14,15.3
13,27,280,27.76659822,CHI,0,1,6,1,40,14,24,0,0,10,10,1,6,7,12,3,1,3,3,38,37.2
14,27,284,27.77754962,CHI,1,1,24,1,27,11,15,0,0,2,3,0,2,2,7,3,1,1,2,24,24.9
15,27,286,27.78302533,CHI,1,1,29,1,33,15,19,0,0,7,9,1,4,5,3,2,2,1,4,37,33.7
16,27,287,27.78576318,CHI,0,1,35,1,30,13,18,1,1,5,6,0,2,2,4,2,0,1,2,32,27.8
17,27,290,27.79397673,CHI,1,1,28,1,35,12,22,0,0,3,3,1,3,4,7,0,1,2,5,27,19.6
18,27,293,27.80219028,CHI,1,1,10,1,39,14,25,0,2,5,7,4,3,7,9,8,1,2,3,33,35.8
19,27,294,27.80492813,CHI,1,0,-8,1,40,16,28,0,2,3,4,0,6,6,3,2,2,5,3,35,22.5
20,27,297,27.81314168,CHI,0,0,-12,1,39,13,23,0,0,5,7,0,4,4,5,3,1,4,2,31,22.9
21,27,300,27.82135524,CHI,1,1,40,1,30,8,15,0,0,4,6,2,6,8,8,1,2,3,3,20,18.9
22,27,301,27.82409309,CHI,1,1,18,1,27,11,17,0,0,2,2,5,4,9,6,5,3,2,1,24,30.1
23,27,304,27.83230664,CHI,1,1,9,1,36,14,22,0,0,11,12,3,6,9,6,6,2,2,2,39,41.5
24,27,305,27.83504449,CHI,0,0,-21,1,37,13,22,0,1,7,7,3,2,5,6,1,0,1,2,33,28.9
25,27,307,27.84052019,CHI,1,1,11,1,44,14,30,0,2,5,6,8,7,15,9,2,1,1,3,33,31.7
26,27,308,27.84325804,CHI,1,1,10,1,34,10,20,0,0,9,12,2,5,7,5,0,2,2,4,29,22
27,27,311,27.85147159,CHI,1,1,12,1,43,14,23,1,1,8,10,3,5,8,3,3,2,3,5,37,30.8
28,27,313,27.8569473,CHI,1,1,15,1,34,17,25,1,2,7,7,1,13,14,7,3,1,1,3,42,42.3
29,27,315,27.862423,CHI,1,1,25,1,37,10,24,0,2,11,11,3,7,10,4,4,0,2,2,31,26.4
30,27,320,27.87611225,CHI,0,0,-22,1,33,13,22,0,0,6,7,0,3,3,7,3,1,4,2,32,26.1
31,27,322,27.88158795,CHI,1,1,16,1,37,12,26,0,0,6,7,1,2,3,4,4,3,3,4,30,21.8
32,27,325,27.88980151,CHI,1,1,9,1,32,18,28,1,1,4,5,2,4,6,4,2,2,1,1,41,35.6
33,27,326,27.89253936,CHI,0,1,8,1,41,16,27,0,1,8,11,0,4,4,9,0,1,1,3,40,32.3
34,27,328,27.89801506,CHI,1,1,3,1,42,12,23,0,1,7,7,0,6,6,6,2,1,5,4,31,21.8
35,27,329,27.90075291,CHI,0,1,11,1,38,11,21,0,0,11,13,3,0,3,3,2,0,5,4,33,21.5
36,27,331,27.90622861,CHI,1,1,13,1,45,13,27,1,3,7,7,1,9,10,9,3,2,2,5,34,30.4
37,27,333,27.91170431,CHI,0,1,11,1,38,11,27,0,0,7,8,0,4,4,4,3,1,2,5,29,17.8
38,27,335,27.91718001,CHI,0,0,-9,1,41,13,28,0,1,4,4,0,7,7,8,3,0,4,2,30,21.5
39,27,338,27.92539357,CHI,0,1,11,1,39,17,28,0,2,3,5,1,5,6,5,3,1,3,1,37,29.4
40,27,340,27.93086927,CHI,0,0,-4,1,41,9,23,1,1,16,19,4,2,6,5,4,0,2,4,35,28.6
41,27,342,27.93634497,CHI,1,1,21,1,28,10,14,3,3,3,4,0,3,3,2,6,0,3,2,26,24.3
42,27,348,27.95277207,CHI,0,0,-4,1,39,9,22,1,1,17,18,0,3,3,3,3,0,3,6,36,24.4
43,27,349,27.95550992,CHI,0,1,11,1,38,10,18,0,0,11,16,1,5,6,8,2,0,2,0,31,28.2
44,27,351,27.96098563,CHI,0,0,-13,1,40,10,22,0,0,3,3,1,6,7,9,6,1,2,1,23,24.7
45,27,352,27.96372348,CHI,0,1,11,1,33,7,14,0,0,10,11,1,1,2,5,2,0,3,4,24,18.5
46,27,355,27.97193703,CHI,0,1,2,1,41,10,21,0,2,10,12,1,8,9,3,0,2,2,1,30,22.7
47,27,360,27.98562628,CHI,1,1,9,1,37,12,22,1,2,7,9,0,4,4,7,2,2,3,2,32,26.3
48,27,362,27.99110198,CHI,0,1,10,1,36,13,20,1,2,2,2,0,2,2,3,2,3,0,2,29,26.2
49,27,364,27.99657769,CHI,1,1,12,1,39,11,26,1,1,3,4,2,9,11,7,3,0,7,0,26,16.8
50,28,1,28.00273785,CHI,0,1,15,1,38,11,24,0,1,10,11,1,5,6,5,5,2,3,3,32,27.1
51,28,2,28.0054757,CHI,1,1,5,1,38,15,27,0,1,10,10,3,9,12,4,1,0,2,4,40,32.1
52,28,5,28.01368925,CHI,1,1,47,1,28,11,17,1,1,11,11,1,2,3,4,6,0,0,2,34,35.8
53,28,6,28.0164271,CHI,1,1,21,1,35,12,22,1,3,4,5,0,3,3,3,3,2,0,2,29,24.6
54,28,9,28.02464066,CHI,1,1,30,1,35,17,29,1,1,4,8,2,6,8,4,5,3,0,1,39,36.6
55,28,12,28.03285421,CHI,1,1,23,1,35,11,20,1,1,6,6,1,10,11,8,2,0,5,2,29,24.9
56,28,13,28.03559206,CHI,0,0,-21,1,38,8,23,0,1,6,6,0,5,5,2,6,0,3,4,22,13.4
57,28,16,28.04380561,CHI,1,1,18,1,37,9,23,0,0,12,13,2,7,9,2,2,1,5,3,30,18.5
58,28,19,28.05201916,CHI,1,1,10,1,39,14,29,0,0,9,10,1,4,5,2,3,0,1,3,37,26
59,28,21,28.05749487,CHI,0,1,35,1,30,10,13,1,1,4,4,2,7,9,9,1,1,6,4,25,23.8
60,28,23,28.06297057,CHI,1,1,32,1,29,7,15,1,5,5,5,2,3,5,10,1,0,1,2,20,20.8
61,28,24,28.06570842,CHI,0,1,1,1,41,15,26,0,1,9,14,1,7,8,4,3,2,1,4,39,32.2
62,28,26,28.07118412,CHI,0,1,13,1,40,12,21,0,1,10,12,1,4,5,8,2,1,4,3,34,28.3
63,28,27,28.07392197,CHI,0,1,4,1,38,14,25,0,2,9,10,0,3,3,3,5,0,2,3,37,29.5
64,28,29,28.07939767,CHI,1,1,13,1,29,11,19,2,3,7,7,0,6,6,2,0,1,3,2,31,22.2
65,28,31,28.08487337,CHI,1,1,22,1,30,9,14,2,2,2,3,0,5,5,11,0,1,3,3,22,21.1
66,28,33,28.09034908,CHI,0,0,-5,1,40,8,23,0,2,4,5,1,4,5,5,2,1,4,5,20,8.8
67,28,34,28.09308693,CHI,1,1,14,1,40,15,25,0,1,9,9,0,2,2,5,3,2,2,4,39,32.4
68,28,36,28.09856263,CHI,1,0,-10,1,37,15,25,0,2,4,7,5,2,7,4,3,3,0,3,34,32.1
69,28,39,28.10677618,CHI,0,1,34,1,30,16,26,0,0,10,11,1,0,1,4,0,2,3,4,42,30.1
70,28,40,28.10951403,CHI,0,1,18,1,35,7,17,1,2,5,5,0,5,5,5,2,1,1,2,20,16.8
71,28,42,28.11498973,CHI,0,0,-3,1,51,12,36,0,3,13,13,3,4,7,9,2,0,4,3,37,23
72,28,44,28.12046543,CHI,1,1,4,1,41,17,26,0,0,10,12,0,4,4,6,5,2,4,2,44,38.8
73,28,46,28.12594114,CHI,0,1,10,1,35,15,30,0,1,4,5,2,6,8,4,3,0,2,1,34,25.2
74,28,47,28.12867899,CHI,1,0,-3,1,36,13,26,1,4,12,14,0,5,5,9,5,2,5,4,39,32.8
75,28,49,28.13415469,CHI,1,0,-3,1,48,16,27,0,0,9,14,1,3,4,5,4,2,0,2,41,36.2
76,28,51,28.13963039,CHI,1,1,2,1,37,10,18,1,3,7,8,0,6,6,8,1,0,0,0,28,27.4
77,28,52,28.14236824,CHI,0,1,5,1,41,12,21,0,0,4,6,0,5,5,4,0,1,2,3,28,19.1
78,28,54,28.14784394,CHI,0,0,-4,1,43,13,24,1,2,13,15,3,5,8,4,0,1,3,5,40,29.7
79,28,57,28.15605749,CHI,1,1,9,1,39,17,27,0,1,12,14,0,5,5,2,3,2,5,3,46,34.2
80,28,59,28.1615332,CHI,0,1,10,1,40,9,20,0,2,8,9,2,3,5,5,3,0,2,2,26,21.2
81,28,61,28.1670089,CHI,0,1,16,1,39,15,22,0,1,11,13,3,2,5,5,4,2,4,5,41,36.4
82,28,63,28.1724846,CHI,1,1,8,1,30,6,15,0,2,6,6,2,1,3,1,2,0,2,2,18,11.5
1,28,257,28.70362765,CHI,1,1,20,1,30,11,18,0,3,4,6,1,4,5,4,3,1,2,2,26,22.6
2,28,258,28.7063655,CHI,0,0,-2,1,42,19,29,1,2,7,7,0,3,3,3,5,1,4,1,46,37.6
3,28,261,28.71457906,CHI,1,0,-8,1,46,17,22,1,2,5,8,2,5,7,4,1,1,5,5,40,30.6
4,28,262,28.71731691,CHI,0,1,19,1,38,16,26,3,4,9,9,0,3,3,6,1,1,2,2,44,36.2
5,28,264,28.72279261,CHI,1,1,16,1,36,10,15,0,0,6,8,1,6,7,5,4,0,0,1,26,28.3
6,28,265,28.72553046,CHI,1,1,31,1,35,13,26,0,3,1,1,2,3,5,9,3,1,1,2,27,24.5
7,28,268,28.73374401,CHI,1,1,17,1,29,8,14,0,1,4,5,0,3,3,4,3,0,0,4,20,18.1
8,28,269,28.73648186,CHI,0,1,22,1,33,11,19,1,3,12,12,1,5,6,5,3,3,2,1,35,34.5
9,28,271,28.74195756,CHI,1,1,13,1,37,5,10,0,0,7,8,2,5,7,11,1,0,3,2,17,19.4
10,28,276,28.75564682,CHI,0,1,4,1,45,12,25,0,0,11,13,1,8,9,7,3,1,3,3,35,29
11,28,278,28.76112252,CHI,0,1,3,1,45,11,26,0,1,9,10,1,5,6,4,2,0,1,6,31,20.4
12,28,279,28.76386037,CHI,0,1,7,1,41,15,28,0,1,7,7,0,6,6,3,0,1,2,5,37,24
13,28,282,28.77207392,CHI,0,1,37,1,33,11,19,0,2,1,2,1,9,10,5,1,0,6,3,23,14.4
14,28,285,28.78028747,CHI,0,1,2,1,51,16,39,0,1,8,10,3,5,8,7,3,1,3,4,40,25.9
15,28,286,28.78302533,CHI,0,1,16,1,39,13,21,0,2,4,9,0,6,6,8,0,1,2,4,30,23
16,28,290,28.79397673,CHI,1,1,6,1,41,7,20,0,1,2,2,1,8,9,9,3,0,7,4,16,8.6
17,28,292,28.79945243,CHI,1,1,18,1,34,8,19,1,2,2,4,1,10,11,10,1,0,1,3,19,17.6
18,28,293,28.80219028,CHI,0,0,-3,1,41,12,25,0,1,8,10,3,11,14,9,3,1,4,2,32,29.1
19,28,296,28.81040383,CHI,1,1,5,1,39,7,20,0,1,5,8,3,8,11,1,0,1,1,3,19,10.3
20,28,299,28.81861739,CHI,1,1,10,1,43,9,18,0,2,9,12,1,7,8,6,4,0,3,2,27,24
21,28,300,28.82135524,CHI,0,1,13,1,33,12,19,0,1,5,8,3,6,9,1,2,3,1,3,29,25.8
22,28,303,28.82956879,CHI,1,0,-13,1,38,6,20,0,3,9,10,0,4,4,7,3,3,0,3,21,19
23,28,306,28.83778234,CHI,0,1,17,1,30,8,18,0,0,8,8,1,4,5,4,1,2,0,0,24,21.7
24,28,307,28.84052019,CHI,1,1,14,1,43,16,24,2,2,3,3,1,8,9,10,4,1,3,2,37,37.6
25,28,311,28.85147159,CHI,1,1,22,1,35,6,14,0,1,2,2,1,7,8,5,2,3,2,2,14,14.2
26,28,312,28.85420945,CHI,0,1,11,1,44,15,31,1,2,3,4,1,2,3,6,2,3,4,1,34,23.1
27,28,314,28.85968515,CHI,1,1,9,1,36,11,20,0,1,11,12,0,2,2,8,3,3,6,5,33,26.3
28,28,316,28.86516085,CHI,0,1,5,1,44,10,19,0,1,9,11,2,4,6,7,3,2,4,4,29,25.2
29,28,320,28.87611225,CHI,0,0,-5,1,40,19,29,0,2,6,8,2,4,6,7,1,0,1,4,44,36.4
30,28,321,28.8788501,CHI,1,1,44,1,32,12,20,0,0,3,4,2,3,5,1,1,2,0,1,27,22.4
31,28,324,28.88706366,CHI,1,1,13,1,37,7,15,1,1,6,6,0,5,5,9,4,1,3,3,21,21.6
32,28,325,28.88980151,CHI,0,1,2,1,47,17,27,0,0,6,9,0,6,6,8,1,2,4,3,40,31.3
33,28,327,28.89527721,CHI,1,1,15,1,37,15,25,1,2,6,6,1,4,5,4,1,1,2,3,37,28.7
34,28,328,28.89801506,CHI,1,1,9,1,39,10,19,0,0,10,10,0,6,6,7,1,1,1,4,30,26.5
35,28,331,28.90622861,CHI,1,1,23,1,33,11,20,0,1,4,4,0,5,5,4,5,2,2,0,26,25.1
36,28,333,28.91170431,CHI,0,1,15,1,39,15,26,0,2,5,6,0,4,4,8,2,1,2,4,35,28.3
37,28,334,28.91444216,CHI,1,1,6,1,38,10,23,1,1,10,10,0,4,4,8,1,0,1,3,31,24.5
38,28,336,28.91991786,CHI,0,1,2,1,45,12,27,0,2,10,14,0,6,6,6,2,0,3,3,34,22.1
39,28,338,28.92539357,CHI,1,1,6,1,41,13,23,0,0,4,5,2,3,5,7,5,1,4,3,30,26.4
40,28,339,28.92813142,CHI,0,1,3,1,43,7,18,1,2,8,8,2,4,6,4,2,2,5,2,23,16.2
41,28,341,28.93360712,CHI,1,1,24,1,30,9,14,0,0,2,2,1,1,2,5,0,2,2,0,20,17.7
42,28,342,28.93634497,CHI,1,1,14,1,41,12,27,3,3,8,10,0,3,3,5,4,1,4,2,35,24.4
43,28,345,28.94455852,CHI,0,0,-5,1,44,15,31,0,1,9,11,0,9,9,7,4,0,3,3,39,29.9
44,28,347,28.95003422,CHI,0,0,-3,1,43,9,26,0,1,4,4,2,3,5,5,3,0,1,3,22,14
45,28,348,28.95277207,CHI,0,1,15,1,37,10,17,0,1,5,6,2,8,10,9,1,0,1,3,25,25.6
46,28,350,28.95824778,CHI,0,1,6,1,44,13,27,1,1,6,8,0,8,8,11,2,0,5,4,33,24
47,28,351,28.96098563,CHI,0,0,-3,1,56,13,34,1,1,7,9,2,11,13,8,2,1,2,5,34,23.6
48,28,359,28.98288843,CHI,1,1,20,1,34,13,23,0,0,8,9,1,5,6,7,4,2,3,2,34,31.4
49,28,361,28.98836413,CHI,0,1,21,1,35,4,15,0,0,9,11,0,2,2,5,1,0,1,1,17,11
50,28,363,28.99383984,CHI,1,1,1,1,42,9,24,0,0,11,12,1,4,5,2,2,2,3,3,29,17.9
51,29,0,29,CHI,1,0,-1,1,43,21,32,0,1,4,5,1,3,4,6,0,0,3,1,46,34
52,29,2,29.0054757,CHI,0,1,13,1,38,11,23,0,1,5,7,5,5,10,8,2,0,3,1,27,23.7
53,29,4,29.0109514,CHI,0,1,15,1,46,14,23,0,0,5,6,1,9,10,14,4,0,4,2,33,34.5
54,29,5,29.01368925,CHI,1,1,15,1,35,13,27,0,3,4,6,2,4,6,8,1,2,1,2,30,24.3
55,29,8,29.02190281,CHI,0,0,-2,1,42,11,22,0,0,1,3,1,3,4,6,4,1,1,2,23,19.9
56,29,9,29.02464066,CHI,1,1,19,1,27,10,17,1,3,5,6,2,2,4,1,2,0,0,0,26,22.4
57,29,11,29.03011636,CHI,0,1,4,1,41,8,18,0,0,8,10,1,5,6,6,2,2,2,2,24,20.8
58,29,13,29.03559206,CHI,1,1,20,1,36,10,23,0,2,11,12,0,9,9,7,3,0,5,3,31,22.9
59,29,15,29.04106776,CHI,1,0,-2,1,39,12,21,0,0,3,5,2,5,7,5,0,1,2,3,27,20.2
60,29,17,29.04654346,CHI,0,1,13,1,39,14,26,0,0,5,5,1,4,5,5,1,1,1,3,33,25.3
61,29,18,29.04928131,CHI,1,1,42,1,28,12,20,0,1,3,3,0,6,6,2,2,1,2,2,27,20.9
62,29,20,29.05475702,CHI,0,1,4,1,43,12,26,0,1,10,13,3,8,11,8,1,0,1,3,34,28.3
63,29,23,29.06297057,CHI,1,1,34,1,35,14,23,0,0,4,4,0,13,13,3,0,2,4,2,32,24.1
64,29,26,29.07118412,CHI,0,1,16,1,38,11,22,0,1,4,4,1,9,10,9,5,0,3,1,26,26.3
65,29,28,29.07665982,CHI,0,1,16,1,39,15,27,0,2,7,7,2,7,9,13,0,1,3,1,37,34
66,29,29,29.07939767,CHI,0,1,11,1,45,16,32,0,0,8,12,4,6,10,4,2,2,1,3,40,31
67,29,31,29.08487337,CHI,0,1,6,1,43,19,30,1,1,12,15,2,9,11,3,1,1,0,3,51,43.1
68,29,33,29.09034908,CHI,1,0,-3,1,38,10,22,0,0,5,7,6,9,15,4,2,1,3,1,25,21.8
69,29,36,29.09856263,CHI,1,1,13,1,41,18,31,2,3,12,13,0,6,6,6,3,0,3,0,50,41.1
70,29,40,29.10951403,CHI,1,1,24,1,37,21,32,0,1,2,2,0,4,4,6,3,0,1,2,44,36.6
71,29,43,29.11772758,CHI,0,1,6,1,40,13,23,0,1,10,12,3,1,4,3,3,1,3,1,36,29.1
72,29,44,29.12046543,CHI,1,1,6,1,39,11,22,1,3,8,10,1,1,2,5,3,0,2,2,31,23.9
73,29,46,29.12594114,CHI,1,1,11,1,42,5,17,0,2,5,6,0,6,6,7,2,0,5,4,15,6.8
74,29,48,29.13141684,CHI,0,0,-11,1,40,12,28,0,3,2,2,0,2,2,2,3,0,3,4,26,11.6
75,29,50,29.13689254,CHI,1,1,15,1,37,12,22,2,5,4,4,0,5,5,7,6,1,3,3,30,28.3
76,29,53,29.14510609,CHI,0,1,12,1,42,16,30,1,1,2,4,0,4,4,6,4,0,1,3,35,26.8
77,29,54,29.14784394,CHI,1,1,2,1,37,8,20,0,0,7,7,1,4,5,8,5,1,1,2,23,23.6
78,29,56,29.15331964,CHI,1,1,7,1,23,6,12,0,1,0,0,0,1,1,7,3,1,2,1,12,12.5
79,29,60,29.16427105,CHI,0,1,26,1,32,9,16,0,0,3,4,1,3,4,8,0,0,5,4,21,13.6
80,29,62,29.16974675,CHI,1,1,18,1,39,9,17,0,0,14,15,0,2,2,7,2,1,7,2,32,23.7
1,29,263,29.72005476,CHI,0,1,5,1,37,12,26,0,2,5,6,3,3,6,2,3,3,2,1,29,22.3
2,29,264,29.72279261,CHI,1,0,-1,1,39,13,29,1,4,8,9,0,4,4,11,4,0,6,4,35,24.8
3,29,266,29.72826831,CHI,1,1,5,1,42,10,20,0,1,4,5,0,2,2,12,2,0,4,1,24,20.2
4,29,268,29.73374401,CHI,1,1,2,1,52,13,24,3,3,8,10,2,8,10,4,0,1,5,1,37,26.5
5,29,270,29.73921971,CHI,0,1,5,1,42,14,31,0,2,6,8,3,3,6,4,3,2,5,2,34,21.5
6,29,271,29.74195756,CHI,1,1,33,1,22,7,13,2,5,2,2,0,4,4,7,3,1,2,1,18,19.1
7,29,274,29.75017112,CHI,0,1,21,1,31,14,21,2,2,2,3,1,2,3,5,4,1,3,1,32,28.6
8,29,276,29.75564682,CHI,0,1,9,1,34,14,22,2,4,5,5,1,5,6,2,2,0,2,1,35,28.4
9,29,277,29.75838467,CHI,0,0,-2,1,47,21,39,1,2,11,14,5,8,13,7,1,3,5,4,54,41.2
10,29,279,29.76386037,CHI,0,1,17,1,39,16,27,0,2,8,8,0,3,3,7,3,4,1,1,40,37.7
11,29,281,29.76933607,CHI,0,1,9,1,44,18,30,1,3,12,14,2,3,5,7,1,1,3,2,49,39.5
12,29,285,29.78028747,CHI,0,0,-37,1,38,4,20,0,1,9,9,3,3,6,4,1,0,0,2,17,10.6
13,29,291,29.79671458,CHI,1,1,12,1,38,15,25,1,1,7,9,4,9,13,2,1,0,1,1,38,32.2
14,29,292,29.79945243,CHI,1,1,7,1,37,8,20,0,1,8,9,0,3,3,5,2,0,2,2,24,16.4
15,29,295,29.80766598,CHI,0,0,-9,1,46,14,28,2,4,2,2,3,9,12,8,1,0,2,5,32,25.4
16,29,296,29.81040383,CHI,1,1,17,1,35,10,22,1,3,7,7,2,9,11,10,4,2,3,2,28,29.3
17,29,298,29.81587953,CHI,1,0,-14,1,40,11,23,1,3,3,3,4,7,11,4,0,1,4,4,26,17.1
18,29,299,29.81861739,CHI,1,1,6,1,41,13,26,3,6,9,12,0,6,6,3,1,1,2,2,38,26.6
19,29,302,29.82683094,CHI,1,1,15,1,33,11,21,3,3,0,0,1,3,4,6,3,2,5,1,25,19.5
20,29,304,29.83230664,CHI,0,1,8,1,40,12,29,0,1,4,4,1,6,7,8,4,2,1,3,28,23.8
21,29,306,29.83778234,CHI,1,0,-2,1,42,11,26,1,4,0,0,4,6,10,10,4,1,1,4,23,22.9
22,29,308,29.84325804,CHI,1,1,4,1,43,6,19,1,3,5,6,3,5,8,3,5,2,2,2,18,16
23,29,310,29.84873374,CHI,1,1,9,1,42,22,37,6,8,7,8,0,2,2,10,3,1,1,3,57,48.6
24,29,312,29.85420945,CHI,1,1,12,1,41,15,34,0,4,12,16,0,8,8,5,3,1,4,2,42,27.4
25,29,313,29.8569473,CHI,0,1,11,1,40,8,22,1,3,0,0,3,6,9,8,1,0,2,5,17,11.3
26,29,316,29.86516085,CHI,0,1,11,1,42,9,25,1,3,9,10,4,8,12,11,0,1,3,1,28,23.9
27,29,317,29.8678987,CHI,0,1,5,1,40,9,18,0,1,21,24,1,5,6,8,3,2,1,2,39,39.2
28,29,320,29.87611225,CHI,1,1,9,1,40,14,27,2,4,9,11,3,5,8,5,1,0,2,3,39,29.8
29,29,323,29.8843258,CHI,1,0,-3,1,41,15,31,1,6,5,6,0,4,4,5,2,1,1,4,36,24.7
30,29,324,29.88706366,CHI,0,0,-22,1,34,10,22,0,1,3,5,2,6,8,3,1,0,2,1,23,14.7
31,29,326,29.89253936,CHI,1,1,25,1,35,15,26,2,5,3,3,3,5,8,7,4,0,2,2,35,32.5
32,29,327,29.89527721,CHI,0,0,-13,1,44,13,36,0,4,4,4,2,9,11,6,2,0,3,5,30,15.3
33,29,330,29.90349076,CHI,0,1,16,1,37,9,22,0,1,5,6,2,6,8,4,3,3,3,0,23,18.9
34,29,333,29.91170431,CHI,1,1,21,1,38,10,19,1,2,5,5,2,10,12,10,5,2,2,1,26,32.1
35,29,334,29.91444216,CHI,1,0,-4,1,47,27,49,1,5,9,11,4,2,6,1,5,0,2,5,64,44.8
36,29,336,29.91991786,CHI,1,1,10,1,30,10,22,0,1,9,10,4,4,8,3,4,1,2,1,29,25.6
37,29,339,29.92813142,CHI,0,1,13,1,39,12,24,2,4,4,4,1,2,3,4,4,0,3,2,30,22.3
38,29,340,29.93086927,CHI,1,0,-8,1,43,10,26,0,2,8,11,2,4,6,2,3,1,1,4,28,17.7
39,29,342,29.93634497,CHI,0,0,-4,1,44,16,35,0,2,10,11,5,6,11,3,4,2,4,3,42,31.1
40,29,344,29.94182067,CHI,0,1,35,1,27,7,15,1,4,0,0,2,8,10,4,3,0,3,3,15,12.7
41,29,346,29.94729637,CHI,0,0,-11,1,39,12,27,1,1,1,2,0,6,6,4,5,0,3,2,26,17.3
42,29,348,29.95277207,CHI,0,0,-7,1,41,14,31,0,2,11,15,3,4,7,5,4,1,3,2,39,29
43,29,350,29.95824778,CHI,0,1,4,1,43,13,28,1,3,10,14,3,4,7,2,1,1,4,0,37,23.4
44,29,352,29.96372348,CHI,0,1,19,1,39,14,26,2,2,6,7,0,3,3,2,2,2,3,5,36,23.7
45,29,353,29.96646133,CHI,0,1,2,1,47,13,34,0,3,7,7,2,4,6,4,2,1,3,5,33,17.5
46,29,356,29.97467488,CHI,0,1,10,1,43,13,28,4,7,4,6,3,8,11,5,2,2,1,1,34,28.8
47,29,359,29.98288843,CHI,0,1,11,1,42,16,27,1,3,7,9,1,8,9,8,6,0,3,2,40,37.6
48,29,362,29.99110198,CHI,1,0,-5,1,43,12,22,0,3,1,2,1,5,6,5,3,1,3,2,25,19.6
49,29,364,29.99657769,CHI,1,1,18,1,37,12,21,0,2,8,10,3,5,8,6,3,1,3,3,32,28.6
50,30,0,30,CHI,1,1,18,1,34,10,25,2,6,5,7,4,4,8,6,3,0,3,2,27,20.1
51,30,6,30.0164271,CHI,1,1,4,1,41,15,26,0,1,4,6,1,2,3,4,3,1,2,3,34,25.6
52,30,8,30.02190281,CHI,0,1,2,1,41,13,29,1,3,9,10,0,4,4,4,4,0,2,3,36,25.3
53,30,10,30.02737851,CHI,1,1,20,1,36,13,27,3,4,5,5,2,7,9,8,2,0,2,1,34,29
54,30,13,30.03559206,CHI,0,1,7,1,40,8,17,1,3,7,9,3,6,9,8,1,0,6,4,24,17.4
55,30,20,30.05475702,CHI,1,1,3,1,41,15,28,0,3,8,9,2,2,4,9,6,1,2,3,38,35.8
56,30,22,30.06023272,CHI,0,0,-2,1,38,11,25,1,2,6,6,0,5,5,8,0,0,1,5,29,20
57,30,23,30.06297057,CHI,1,1,15,1,43,21,35,2,4,8,9,3,6,9,5,2,1,0,3,52,44.4
58,30,25,30.06844627,CHI,0,0,-2,1,43,11,25,1,3,5,6,0,5,5,6,1,0,0,1,28,20.8
59,30,26,30.07118412,CHI,1,1,7,1,38,10,22,0,1,3,4,3,6,9,4,4,0,7,3,23,13.7
60,30,30,30.08213552,CHI,1,1,5,1,39,9,27,0,0,7,7,1,2,3,5,2,1,0,4,25,15.6
61,30,31,30.08487337,CHI,0,1,25,1,31,16,27,2,2,13,15,0,8,8,4,2,0,1,2,47,39.1
62,30,34,30.09308693,CHI,1,1,7,1,42,12,21,4,6,6,6,1,4,5,7,5,1,3,1,34,33.2
63,30,35,30.09582478,CHI,0,1,13,1,39,20,29,2,4,1,2,0,2,2,4,3,0,5,2,43,30.9
64,30,37,30.10130048,CHI,1,1,21,1,33,5,14,0,0,8,8,0,7,7,6,2,0,1,1,18,17.1
65,30,41,30.11225188,CHI,1,0,-4,1,40,19,31,0,6,6,7,0,3,3,5,4,0,3,1,44,34.5
66,30,44,30.12046543,CHI,1,1,13,1,38,16,24,0,0,8,9,1,6,7,7,9,1,5,3,40,40.1
67,30,46,30.12594114,CHI,0,1,12,1,40,14,23,1,1,3,6,1,4,5,2,2,0,4,2,32,20.8
68,30,48,30.13141684,CHI,0,0,-4,1,44,13,30,1,6,3,4,1,4,5,6,4,0,5,4,30,17.3
69,30,51,30.13963039,CHI,0,1,1,1,44,12,23,1,3,5,5,1,11,12,4,4,2,7,2,30,23.1
70,30,52,30.14236824,CHI,0,1,5,1,42,11,25,0,1,3,4,2,4,6,5,5,0,3,3,25,18.4
71,30,54,30.14784394,CHI,0,1,3,1,41,9,21,0,4,5,5,0,6,6,4,2,0,3,3,23,14.3
72,30,56,30.15331964,CHI,1,1,27,1,31,12,19,3,4,7,7,1,3,4,4,2,0,1,3,34,29.7
73,30,58,30.15879535,CHI,1,1,14,1,35,15,25,0,3,17,21,1,6,7,5,5,0,1,1,47,43.5
74,30,60,30.16427105,CHI,0,0,-9,1,45,13,26,0,3,6,7,1,0,1,9,0,1,3,3,32,22.1
75,30,62,30.16974675,CHI,1,1,29,1,27,12,22,3,6,1,1,1,2,3,4,8,0,1,1,28,28.1
76,30,64,30.17522245,CHI,1,1,6,1,46,15,27,0,1,6,11,1,6,7,4,4,0,2,4,36,26.8
77,30,65,30.1779603,CHI,0,0,-1,1,38,15,27,1,2,7,8,1,3,4,3,0,0,2,3,38,25.2
78,30,67,30.183436,CHI,0,0,-5,1,37,10,28,0,2,1,3,5,1,6,7,1,1,4,1,21,10.6
1,32,30,32.08213552,CHI,0,0,-7,1,43,7,28,0,4,5,6,2,4,6,6,3,0,3,3,19,7.4
2,32,33,32.09034908,CHI,0,1,17,1,26,9,17,1,3,8,8,0,3,3,3,2,1,0,4,27,22.8
3,32,35,32.09582478,CHI,1,0,-7,1,44,7,23,0,2,7,11,0,4,4,8,5,2,2,2,21,16.5
4,32,36,32.09856263,CHI,0,1,1,1,43,14,26,0,1,4,4,0,4,4,2,1,0,0,2,32,22.2
5,32,39,32.10677618,CHI,0,1,2,1,39,21,37,3,4,10,11,0,4,4,2,1,0,2,3,55,37.5
6,32,41,32.11225188,CHI,1,1,18,1,39,8,17,2,2,5,7,0,11,11,6,0,0,4,2,23,16.2
7,32,43,32.11772758,CHI,1,1,7,1,35,5,19,0,1,2,4,1,4,5,6,1,1,3,2,12,3.9
8,32,47,32.12867899,CHI,0,1,7,1,43,13,31,1,1,10,14,3,8,11,2,3,1,2,3,37,25.3
9,32,49,32.13415469,CHI,1,1,9,1,42,9,27,1,2,9,10,0,8,8,9,2,1,4,5,28,17.7
10,32,51,32.13963039,CHI,0,0,-1,1,46,9,26,2,3,1,2,4,5,9,5,1,1,3,2,21,11.7
11,32,53,32.14510609,CHI,1,1,7,1,42,8,27,1,1,8,10,2,9,11,6,1,2,1,4,25,16.6
12,32,54,32.14784394,CHI,0,1,11,1,44,12,23,1,2,4,4,1,8,9,9,0,0,4,4,29,21.5
13,32,58,32.15879535,CHI,1,1,21,1,37,8,19,0,0,12,14,4,2,6,4,3,1,1,2,28,25.2
14,32,59,32.1615332,CHI,0,1,5,1,40,9,21,0,0,13,16,0,5,5,4,3,0,1,2,31,24.2
15,32,62,32.16974675,CHI,1,1,15,1,27,8,18,0,0,1,1,4,4,8,7,1,2,0,2,17,18.1
16,32,64,32.17522245,CHI,1,1,16,1,33,8,16,0,2,3,4,0,2,2,4,0,0,1,1,19,12.6
17,32,65,32.1779603,CHI,0,0,-4,1,45,11,29,4,4,7,10,4,7,11,7,3,1,4,4,33,23.8
1,32,259,32.70910335,CHI,1,1,14,1,39,16,29,3,7,7,9,1,5,6,7,0,0,1,4,42,31.8
2,32,260,32.7118412,CHI,1,1,22,1,21,5,12,0,1,5,7,0,0,0,3,3,1,0,4,15,12
3,32,263,32.72005476,CHI,1,1,9,1,40,13,19,3,4,9,9,1,3,4,5,4,0,1,2,38,37.2
4,32,265,32.72553046,CHI,0,1,18,1,37,12,24,4,8,1,2,0,5,5,3,0,0,3,3,29,16
5,32,267,32.73100616,CHI,1,1,4,1,40,11,23,0,2,14,15,2,1,3,7,1,1,3,3,36,28
6,32,270,32.73921971,CHI,0,0,-6,1,40,8,20,3,7,4,5,2,5,7,6,2,0,2,4,23,17.3
7,32,271,32.74195756,CHI,1,1,19,1,29,7,10,1,2,5,7,1,6,7,2,1,0,1,2,20,18.1
8,32,273,32.74743326,CHI,1,1,15,1,35,7,16,0,1,4,4,1,2,3,3,4,0,5,3,18,10.8
9,32,277,32.75838467,CHI,0,1,6,1,45,12,25,0,2,12,13,0,8,8,5,2,2,0,3,36,31
10,32,278,32.76112252,CHI,0,1,9,1,43,15,27,1,1,7,8,2,7,9,2,4,0,5,5,38,26.6
11,32,280,32.76659822,CHI,0,1,5,1,40,9,21,2,5,14,17,0,8,8,6,1,0,4,3,34,24.1
12,32,282,32.77207392,CHI,0,0,-5,1,40,6,19,0,4,10,11,2,3,5,4,2,0,4,1,22,13.4
13,32,283,32.77481177,CHI,0,1,3,1,41,13,22,0,3,7,8,1,2,3,8,4,0,4,3,33,28.1
14,32,286,32.78302533,CHI,0,1,6,1,39,14,26,0,2,1,2,1,2,3,4,3,0,2,1,29,20.7
15,32,288,32.78850103,CHI,0,1,6,1,43,13,22,0,2,11,14,5,6,11,5,4,1,2,3,37,35.9
16,32,292,32.79945243,CHI,1,1,7,1,45,8,27,0,0,6,6,0,3,3,8,0,0,0,3,22,11.6
17,32,294,32.80492813,CHI,1,1,19,1,36,11,23,0,1,6,6,1,4,5,6,3,1,1,4,28,23.5
18,32,295,32.80766598,CHI,0,1,12,1,42,16,28,0,0,13,16,3,2,5,4,2,0,2,3,45,34.9
19,32,299,32.81861739,CHI,1,1,9,1,43,15,30,4,7,2,6,3,3,6,2,2,1,4,3,36,21.3
20,32,300,32.82135524,CHI,0,1,19,1,31,8,16,1,4,5,5,1,2,3,1,0,0,3,3,22,11.8
21,32,302,32.82683094,CHI,1,1,20,1,38,5,20,0,1,10,10,2,5,7,6,5,1,3,2,20,17
22,32,304,32.83230664,CHI,0,1,9,1,40,16,27,0,1,5,8,0,6,6,3,5,0,2,2,37,29.4
23,32,305,32.83504449,CHI,1,1,13,1,36,12,23,0,1,8,8,1,3,4,4,1,0,0,1,32,25.7
24,32,308,32.84325804,CHI,1,1,9,1,40,9,19,2,3,7,7,3,7,10,5,3,0,2,1,27,25.6
25,32,309,32.84599589,CHI,1,1,14,1,37,12,22,1,2,5,5,1,6,7,8,3,1,2,2,30,28.4
26,32,312,32.85420945,CHI,0,0,-6,1,43,11,28,1,2,7,9,2,8,10,4,1,2,2,3,30,19.8
27,32,315,32.862423,CHI,1,1,27,1,36,8,20,0,2,13,18,3,4,7,3,3,0,4,4,29,19
28,32,316,32.86516085,CHI,1,1,2,1,42,14,27,1,2,4,6,2,5,7,6,4,1,5,3,33,24.5
29,32,320,32.87611225,CHI,1,1,14,1,40,17,29,1,1,3,4,3,5,8,5,3,0,1,3,38,32
30,32,321,32.8788501,CHI,0,1,24,1,34,11,20,0,1,5,7,1,4,5,5,1,0,1,1,27,21.6
31,32,323,32.8843258,CHI,1,1,29,1,37,10,20,2,4,10,12,1,1,2,3,3,1,0,2,32,27.2
32,32,327,32.89527721,CHI,1,1,26,1,36,14,25,1,2,6,7,1,13,14,5,0,1,4,2,35,26.7
33,32,330,32.90349076,CHI,0,1,27,1,34,18,28,5,7,7,7,3,7,10,2,1,1,2,1,48,40.5
34,32,332,32.90896646,CHI,0,1,7,1,39,16,31,3,7,11,11,0,4,4,2,1,0,5,5,46,27.3
35,32,333,32.91170431,CHI,1,1,12,1,32,13,22,2,6,4,6,3,4,7,2,3,0,1,1,32,27.3
36,32,335,32.91718001,CHI,0,1,3,1,43,14,28,4,8,6,8,4,5,9,2,1,0,1,0,38,28.9
37,32,338,32.92539357,CHI,0,1,15,1,43,12,23,3,5,9,11,3,5,8,4,2,1,3,1,36,29.6
38,32,340,32.93086927,CHI,0,1,20,1,36,13,23,3,4,4,5,1,5,6,4,3,0,2,1,33,27.3
39,32,341,32.93360712,CHI,1,1,20,1,26,4,10,0,1,4,6,1,2,3,6,0,0,1,4,12,8.7
40,32,343,32.93908282,CHI,1,1,22,1,35,10,21,1,3,4,5,4,5,9,4,3,2,8,4,25,15.8
41,32,345,32.94455852,CHI,1,1,11,1,42,13,25,0,2,5,7,3,3,6,6,3,1,2,5,31,24.8
42,32,347,32.95003422,CHI,0,1,11,1,43,7,26,1,6,7,8,3,5,8,1,4,0,2,3,22,11.3
43,32,349,32.95550992,CHI,0,1,20,1,38,7,16,0,1,13,14,0,2,2,1,2,1,4,4,27,16.6
44,32,350,32.95824778,CHI,0,1,15,1,39,8,17,0,0,1,1,3,4,7,7,1,0,3,2,17,13.7
45,32,352,32.96372348,CHI,0,0,-6,1,42,13,29,4,7,9,11,0,3,3,4,3,1,4,1,39,26.1
46,32,354,32.96919918,CHI,0,0,-10,1,40,9,22,0,2,10,17,2,0,2,6,3,0,3,5,28,17
47,32,355,32.97193703,CHI,0,1,4,1,46,15,31,0,0,10,13,6,5,11,6,3,2,2,3,40,34.2
48,32,361,32.98836413,CHI,1,1,13,1,36,11,23,2,3,8,10,2,7,9,3,0,0,4,2,32,20.3
49,32,363,32.99383984,CHI,0,1,3,1,49,10,30,0,1,12,12,2,6,8,5,3,0,1,2,32,22.9
50,32,364,32.99657769,CHI,0,1,3,1,38,13,23,4,4,5,5,1,6,7,4,0,1,2,1,35,27.7
51,33,1,33.00273785,CHI,0,1,8,1,42,16,29,3,4,9,10,4,1,5,7,3,2,3,2,44,38.3
52,33,3,33.00821355,CHI,1,1,26,1,35,6,19,0,0,2,3,3,6,9,6,0,0,0,3,14,9.6
53,33,5,33.01368925,CHI,0,1,5,1,43,15,26,2,2,2,2,1,2,3,3,0,1,2,0,34,23.9
54,33,6,33.0164271,CHI,0,0,-9,1,40,9,21,1,4,12,13,3,6,9,5,4,0,3,4,31,26.3
55,33,8,33.02190281,CHI,1,1,20,1,40,8,19,1,1,6,8,2,3,5,7,2,0,1,2,23,19.5
56,33,10,33.02737851,CHI,1,1,21,1,41,11,24,2,3,11,12,2,4,6,7,2,0,1,2,35,29.9
57,33,13,33.03559206,CHI,1,1,23,1,35,7,17,1,3,2,3,0,3,3,6,6,0,3,1,17,15.2
58,33,14,33.03832991,CHI,1,1,32,1,32,8,15,0,2,5,8,3,5,8,8,4,1,1,0,21,25.4
59,33,17,33.04654346,CHI,1,1,9,1,32,12,20,4,5,5,6,4,4,8,4,2,0,3,0,33,29.2
60,33,19,33.05201916,CHI,1,1,21,1,38,21,28,2,4,9,10,2,9,11,2,6,0,4,3,53,47.7
61,33,22,33.06023272,CHI,0,0,-32,1,43,12,26,2,4,6,7,1,7,8,3,1,1,7,3,32,16.6
62,33,25,33.06844627,CHI,1,1,17,1,36,12,25,2,6,11,12,0,6,6,5,1,0,3,2,37,26.4
63,33,27,33.07392197,CHI,1,1,21,1,36,14,22,3,5,2,3,0,6,6,3,3,2,3,2,33,27.3
64,33,28,33.07665982,CHI,0,1,4,1,43,14,29,2,5,7,7,2,14,16,5,1,3,0,4,37,32.9
65,33,30,33.08213552,CHI,0,1,4,1,47,15,32,0,5,8,10,2,9,11,4,1,0,2,5,38,24.7
66,33,31,33.08487337,CHI,1,1,22,1,35,7,16,0,3,6,6,2,7,9,3,2,0,6,3,20,12
67,33,33,33.09034908,CHI,1,1,21,1,37,14,24,1,4,7,7,0,11,11,5,1,0,1,3,36,30.4
68,33,36,33.09856263,CHI,0,0,-1,1,39,14,22,0,1,8,8,5,4,9,2,0,2,2,3,36,30.5
69,33,40,33.10951403,CHI,1,1,31,1,30,5,12,0,1,3,6,0,5,5,7,1,1,0,3,13,12.3
70,33,42,33.11498973,CHI,1,1,21,1,34,6,15,0,1,9,10,4,5,9,6,2,0,1,1,21,21.6
71,33,45,33.12320329,CHI,0,1,18,1,37,11,23,2,3,8,8,1,7,8,3,2,0,1,4,32,24.6
72,33,47,33.12867899,CHI,1,1,8,1,41,13,24,1,4,13,16,3,4,7,3,4,2,4,2,40,33.2
73,33,48,33.13141684,CHI,0,1,34,1,28,10,16,2,2,2,3,0,5,5,4,3,0,3,0,24,20.7
74,33,50,33.13689254,CHI,0,1,4,1,44,10,30,2,4,5,5,1,2,3,1,2,0,1,2,27,12.2
75,33,51,33.13963039,CHI,1,0,-1,1,42,13,27,1,3,13,19,4,7,11,5,1,0,1,2,40,31.5
76,33,54,33.14784394,CHI,0,1,13,1,26,8,18,0,1,1,4,3,4,7,3,3,0,3,0,17,11.8
77,33,55,33.15058179,CHI,1,1,30,1,29,10,16,2,4,1,1,2,1,3,0,4,1,2,2,23,19.4
78,33,57,33.15605749,CHI,0,1,26,1,35,11,18,4,7,6,6,3,9,12,3,1,0,3,0,32,28.7
79,33,59,33.1615332,CHI,0,1,6,1,42,9,27,1,4,3,4,1,8,9,4,2,1,4,1,22,10.5
80,33,61,33.1670089,CHI,1,1,31,1,24,11,18,4,5,4,4,1,4,5,1,1,0,2,1,30,23
81,33,63,33.1724846,CHI,1,0,-1,1,31,9,23,2,5,4,5,0,2,2,6,1,1,3,4,24,13
82,33,64,33.17522245,CHI,0,1,10,1,24,11,22,1,3,3,3,1,3,4,4,4,0,1,0,26,22.4
1,33,258,33.7063655,CHI,0,1,9,1,43,10,22,0,5,10,13,1,3,4,3,0,0,1,2,30,19.3
2,33,259,33.70910335,CHI,1,1,29,1,30,11,20,3,7,2,2,1,1,2,5,4,0,2,2,27,23.1
3,33,262,33.71731691,CHI,1,1,23,1,31,9,18,3,5,1,1,2,5,7,3,4,0,4,2,22,17.2
4,33,263,33.72005476,CHI,0,1,6,1,40,18,33,1,2,13,14,1,5,6,0,1,1,0,1,50,37.2
5,33,265,33.72553046,CHI,0,1,18,1,36,6,14,1,3,2,2,1,3,4,8,1,0,0,3,15,14.6
6,33,266,33.72826831,CHI,1,1,12,1,32,10,23,0,2,7,11,2,1,3,3,1,0,0,2,27,17.3
7,33,268,33.73374401,CHI,1,1,18,1,35,12,21,1,1,1,2,1,1,2,5,1,1,3,1,26,18.5
8,33,270,33.73921971,CHI,1,1,32,1,34,8,23,0,1,12,16,1,4,5,3,1,0,0,3,28,17.3
9,33,272,33.74469541,CHI,0,1,23,1,29,15,25,4,5,4,4,0,1,1,2,1,1,1,2,38,28.1
10,33,273,33.74743326,CHI,1,1,28,1,35,11,23,0,1,3,4,0,5,5,3,1,0,2,2,25,14.7
11,33,277,33.75838467,CHI,0,1,14,1,35,16,29,0,0,5,6,1,3,4,4,1,1,2,3,37,25.6
12,33,278,33.76112252,CHI,0,1,18,1,34,12,23,0,2,7,7,4,3,7,3,2,1,2,2,31,25.4
13,33,280,33.76659822,CHI,0,0,-5,1,39,17,32,0,6,10,12,1,5,6,4,2,1,2,3,44,32.1
14,33,282,33.77207392,CHI,0,1,4,1,43,14,26,1,3,11,12,1,6,7,2,2,4,2,3,40,32.5
15,33,286,33.78302533,CHI,0,1,19,1,40,13,23,4,5,6,6,0,7,7,4,2,0,2,1,36,29.6
16,33,287,33.78576318,CHI,0,1,9,1,38,14,35,2,5,5,5,0,9,9,3,0,0,1,0,35,19.9
17,33,290,33.79397673,CHI,0,1,3,1,41,13,27,0,0,14,17,2,4,6,6,0,0,3,1,40,28.5
18,33,292,33.79945243,CHI,1,1,18,1,31,9,21,0,3,2,3,1,3,4,6,2,0,1,3,20,14.1
19,33,294,33.80492813,CHI,1,0,-3,1,42,16,30,0,3,5,6,1,8,9,3,0,0,0,1,37,26.8
20,33,295,33.80766598,CHI,0,0,-8,1,41,5,17,1,4,2,2,0,9,9,8,2,2,3,1,13,11.4
21,33,298,33.81587953,CHI,1,1,17,1,36,10,16,1,1,6,6,0,7,7,3,3,0,1,0,27,26
22,33,300,33.82135524,CHI,0,1,21,1,34,9,19,3,5,11,12,0,6,6,6,4,0,1,2,32,30.1
23,33,301,33.82409309,CHI,1,1,5,1,41,10,26,0,3,9,12,2,7,9,5,5,0,1,0,29,24.6
24,33,304,33.83230664,CHI,1,1,6,1,47,10,32,0,2,10,14,5,4,9,3,1,1,2,2,30,15.7
25,33,306,33.83778234,CHI,0,1,21,1,36,13,27,3,8,6,7,5,3,8,1,1,1,2,0,35,25.7
26,33,308,33.84325804,CHI,0,1,6,1,44,12,29,1,3,6,8,0,1,1,3,1,1,1,4,31,16.2
27,33,310,33.84873374,CHI,1,1,32,1,33,10,18,0,1,4,4,2,1,3,4,0,0,3,1,24,16.5
28,33,312,33.85420945,CHI,1,1,12,1,46,9,21,0,4,5,7,6,4,10,2,1,0,4,3,23,13.7
29,33,313,33.8569473,CHI,0,0,-5,1,40,10,25,2,5,12,13,0,3,3,1,2,1,0,2,34,23.6
30,33,315,33.862423,CHI,1,1,5,1,42,13,25,0,1,19,20,2,5,7,5,3,0,4,4,45,36.1
31,33,317,33.8678987,CHI,1,1,2,1,40,12,29,1,5,3,4,3,4,7,4,1,0,3,1,28,15.8
32,33,321,33.8788501,CHI,1,1,21,1,35,10,18,0,2,2,2,1,3,4,6,2,1,2,2,22,19.1
33,33,324,33.88706366,CHI,1,1,13,1,40,8,20,2,3,5,6,3,5,8,3,3,1,1,1,23,19.8
34,33,328,33.89801506,CHI,0,1,15,1,38,11,23,3,4,8,13,1,4,5,3,0,0,0,2,33,22.5
35,33,329,33.90075291,CHI,1,1,24,1,39,12,25,4,6,4,4,0,6,6,7,2,0,3,1,32,24.6
36,33,332,33.90896646,CHI,1,1,1,1,40,14,27,0,4,11,11,0,2,2,2,2,0,0,3,39,28.5
37,33,333,33.91170431,CHI,0,1,10,1,35,12,22,1,5,0,0,1,2,3,4,1,1,3,2,25,16.4
38,33,335,33.91718001,CHI,1,1,27,1,36,10,15,1,2,3,4,1,6,7,11,2,0,1,2,24,27.5
39,33,337,33.92265572,CHI,0,0,-16,1,43,8,25,1,6,9,9,3,11,14,5,1,1,1,0,26,21.3
40,33,339,33.92813142,CHI,1,1,1,1,43,18,30,5,8,10,11,1,3,4,4,2,0,2,1,51,40.8
41,33,341,33.93360712,CHI,0,1,16,1,39,10,24,1,5,11,12,1,8,9,0,1,0,4,2,32,18.1
42,33,343,33.93908282,CHI,1,1,12,1,31,10,16,3,4,1,2,1,2,3,4,2,0,0,1,24,22.1
43,33,346,33.94729637,CHI,0,1,15,1,32,12,19,1,3,3,4,1,3,4,3,4,0,2,1,28,24.4
44,33,348,33.95277207,CHI,0,1,18,1,40,11,19,1,5,9,10,0,6,6,2,3,0,2,3,32,25.7
45,33,349,33.95550992,CHI,0,1,23,1,32,8,17,1,6,1,1,0,4,4,8,3,0,2,2,18,16.3
46,33,351,33.96098563,CHI,0,1,7,1,45,19,28,2,3,5,6,3,4,7,3,1,0,1,2,45,37.2
47,33,353,33.96646133,CHI,0,1,4,1,41,15,30,1,4,5,5,1,4,5,2,1,2,0,3,36,25.5
48,33,354,33.96919918,CHI,0,0,-16,1,40,10,24,2,5,5,6,1,3,4,4,1,1,2,1,27,17.5
49,33,360,33.98562628,CHI,1,1,3,1,42,16,24,1,2,10,14,0,5,5,4,3,0,5,2,43,32.5
50,33,363,33.99383984,CHI,0,1,1,1,45,13,28,1,2,3,5,3,5,8,4,2,0,4,0,30,19.2
51,33,365,33.99931554,CHI,1,1,21,1,38,8,20,3,4,0,0,1,7,8,10,4,0,2,3,19,18.8
52,34,1,34.00273785,CHI,1,1,11,1,32,10,18,1,3,3,4,2,3,5,12,3,0,0,3,24,27.5
53,34,4,34.0109514,CHI,0,1,4,1,45,13,28,3,4,7,12,1,3,4,4,1,0,2,2,36,22.2
54,34,5,34.01368925,CHI,1,1,33,1,31,13,19,5,8,3,4,1,4,5,1,3,0,2,1,34,28.7
55,34,7,34.01916496,CHI,1,1,27,1,30,13,27,3,7,8,9,1,3,4,3,0,0,1,1,37,25.2
56,34,10,34.02737851,CHI,0,0,-3,1,43,7,25,0,3,9,9,1,7,8,4,0,0,2,2,23,11.1
57,34,11,34.03011636,CHI,1,1,18,1,35,13,20,5,7,4,5,1,8,9,6,1,1,2,2,35,32
58,34,14,34.03832991,CHI,1,1,18,1,36,11,19,3,7,6,6,0,3,3,6,2,0,2,2,31,26.4
59,34,16,34.04380561,CHI,1,1,42,1,23,7,17,1,4,1,2,1,1,2,4,2,0,0,1,16,11.9
60,34,18,34.04928131,CHI,1,1,8,1,44,11,21,1,3,15,17,1,3,4,5,2,1,4,3,38,29.5
61,34,20,34.05475702,CHI,0,0,-4,1,46,14,31,0,3,8,9,2,4,6,4,1,0,1,2,36,24.1
62,34,22,34.06023272,CHI,0,1,11,1,43,13,23,1,3,5,6,0,4,4,9,3,0,2,2,32,28.4
63,34,23,34.06297057,CHI,0,1,4,1,37,9,24,1,4,4,5,0,5,5,3,2,1,4,2,23,10.9
64,34,25,34.06844627,CHI,0,0,-1,1,39,16,34,1,3,3,5,2,6,8,5,0,1,1,1,36,23.8
65,34,26,34.07118412,CHI,1,1,20,1,29,5,11,0,1,0,0,1,3,4,3,1,2,3,1,10,7
66,34,29,34.07939767,CHI,1,1,2,1,50,10,28,0,4,12,13,8,10,18,2,0,0,8,3,32,16.8
67,34,32,34.08761123,CHI,0,1,19,1,40,11,25,1,3,13,14,4,2,6,4,2,1,2,0,36,29.4
68,34,33,34.09034908,CHI,1,1,15,1,35,8,20,3,6,4,4,2,3,5,7,2,1,0,3,23,20.9
69,34,36,34.09856263,CHI,1,1,2,1,36,9,20,0,1,2,2,0,1,1,3,3,0,2,3,20,11.8
70,34,38,34.10403833,CHI,0,1,13,1,41,5,17,0,0,2,3,3,7,10,4,0,2,6,2,12,3.3
71,34,40,34.10951403,CHI,1,1,10,1,39,9,21,1,2,2,3,2,4,6,10,0,2,0,3,21,19.3
72,34,43,34.11772758,CHI,1,1,5,1,27,8,11,0,0,5,9,0,8,8,2,2,0,2,1,21,18.3
73,34,45,34.12320329,CHI,0,0,-8,1,39,14,30,1,4,5,6,0,1,1,6,2,1,2,2,34,22.6
74,34,46,34.12594114,CHI,1,1,13,1,38,9,16,0,1,4,5,1,4,5,3,1,2,0,2,22,19.6
75,34,48,34.13141684,CHI,0,1,16,1,40,13,22,3,6,8,9,2,6,8,5,3,1,4,3,37,31.6
76,34,49,34.13415469,CHI,1,1,26,1,30,13,25,3,4,1,2,3,5,8,2,3,2,2,1,30,24.3
77,34,51,34.13963039,CHI,0,1,6,1,41,8,19,0,3,7,8,0,3,3,2,5,0,6,2,23,13
78,34,52,34.14236824,CHI,0,1,2,1,44,12,26,1,3,9,10,1,7,8,6,1,1,3,3,34,24.7
79,34,55,34.15058179,CHI,0,0,-17,1,38,7,16,0,3,4,4,1,8,9,7,0,0,4,1,18,13.2
80,34,56,34.15331964,CHI,1,1,17,1,35,12,24,4,7,2,2,2,9,11,10,3,1,2,2,30,30
81,34,58,34.15879535,CHI,0,0,-10,1,39,11,27,2,5,2,4,1,7,8,3,0,1,3,5,26,11.3
82,34,61,34.1670089,CHI,1,0,-2,1,39,14,22,1,1,4,8,0,3,3,3,2,0,4,4,33,21
1,34,256,34.7008898,CHI,0,0,-7,1,42,7,23,0,0,16,21,1,5,6,4,2,1,3,2,30,18.6
2,34,257,34.70362765,CHI,1,1,20,1,24,7,14,0,0,2,2,1,6,7,2,2,0,3,3,16,10.7
3,34,259,34.70910335,CHI,1,1,4,1,48,12,39,1,4,4,6,4,9,13,4,5,2,3,0,29,17.4
4,34,261,34.71457906,CHI,1,1,13,1,41,11,25,0,3,7,9,4,13,17,4,0,0,0,2,29,23.8
5,34,263,34.72005476,CHI,0,0,-2,1,40,11,25,0,1,5,7,1,8,9,6,1,0,2,1,27,19
6,34,264,34.72279261,CHI,1,1,13,1,33,5,13,0,1,5,8,1,4,5,2,2,0,2,3,15,8.8
7,34,267,34.73100616,CHI,0,0,-21,1,34,7,17,0,1,5,7,2,4,6,1,1,0,3,1,19,10
8,34,268,34.73374401,CHI,1,0,-7,1,40,10,28,0,2,8,12,2,5,7,3,4,2,5,1,28,15.8
9,34,270,34.73921971,CHI,1,1,13,1,38,12,24,2,2,2,2,1,3,4,7,1,1,2,0,28,22.2
10,34,271,34.74195756,CHI,1,1,9,1,39,11,26,1,1,4,7,0,2,2,4,2,0,5,2,27,11.6
11,34,276,34.75564682,CHI,0,0,-4,1,41,13,27,0,1,4,6,1,5,6,3,1,0,3,0,30,17.8
12,34,277,34.75838467,CHI,0,1,9,1,52,18,38,0,2,13,19,2,3,5,5,1,1,4,3,49,29.5
13,34,279,34.76386037,CHI,0,1,15,1,41,11,19,0,0,11,12,1,2,3,5,2,1,2,1,33,28.8
14,34,281,34.76933607,CHI,0,0,-1,1,38,11,25,0,2,4,6,2,4,6,5,5,0,3,1,26,19.8
15,34,284,34.77754962,CHI,0,0,-11,1,42,11,26,0,2,4,8,1,6,7,2,2,0,1,3,26,14.3
16,34,285,34.78028747,CHI,0,1,5,1,37,10,21,1,1,8,12,0,4,4,3,2,0,2,3,29,18.8
17,34,289,34.79123888,CHI,0,1,10,1,40,11,21,1,3,6,8,4,5,9,5,2,1,7,2,29,20.6
18,34,291,34.79671458,CHI,1,1,22,1,35,4,16,0,3,5,6,3,6,9,2,1,0,1,3,13,7.1
19,34,295,34.80766598,CHI,1,1,18,1,37,10,23,0,0,9,9,1,3,4,4,1,0,4,4,29,16.7
20,34,296,34.81040383,CHI,0,0,-8,1,37,6,17,0,1,13,13,1,1,2,5,1,0,3,3,25,16.8
21,34,298,34.81587953,CHI,0,0,-2,1,41,12,24,0,0,4,6,3,6,9,5,0,0,4,2,28,17.8
22,34,299,34.81861739,CHI,1,1,27,1,27,4,16,0,0,3,4,3,3,6,2,2,0,0,0,11,7.4
23,34,301,34.82409309,CHI,1,1,7,1,36,10,23,0,1,11,12,3,6,9,4,4,1,2,2,31,27.1
24,34,303,34.82956879,CHI,1,1,21,1,35,12,22,1,2,11,12,2,3,5,4,1,1,4,4,36,26.2
25,34,306,34.83778234,CHI,0,1,8,1,42,10,23,0,0,4,5,3,2,5,3,0,2,2,2,24,14.9
26,34,309,34.84599589,CHI,1,1,5,1,40,9,24,0,1,9,12,7,5,12,4,0,1,2,0,27,20.5
27,34,311,34.85147159,CHI,1,1,10,1,38,8,20,0,1,8,12,4,7,11,4,2,0,3,0,24,18.3
28,34,313,34.8569473,CHI,1,1,7,1,36,18,26,0,0,11,13,2,2,4,2,3,1,4,2,47,37.5
29,34,315,34.862423,CHI,1,1,6,1,41,16,29,0,1,9,11,1,6,7,0,0,2,2,1,41,27.8
30,34,316,34.86516085,CHI,0,0,-4,1,39,11,28,1,3,10,13,0,4,4,1,0,0,3,1,33,15.1
31,34,319,34.8733744,CHI,1,1,14,1,43,15,22,1,1,13,15,1,4,5,1,2,0,0,1,44,38
32,34,320,34.87611225,CHI,0,1,9,1,47,12,25,0,1,10,11,0,9,9,9,1,2,4,2,34,27.5
33,34,323,34.8843258,CHI,1,1,11,1,41,5,13,0,1,9,12,1,2,3,4,3,0,3,0,19,14.8
34,34,324,34.88706366,CHI,0,0,-27,1,37,12,27,1,2,1,3,2,2,4,1,1,0,1,0,26,13.8
35,34,326,34.89253936,CHI,0,1,1,1,41,17,33,1,4,9,10,1,3,4,2,3,1,1,3,44,31.8
36,34,327,34.89527721,CHI,1,1,5,1,38,13,31,0,1,6,10,4,2,6,3,0,0,1,0,32,18.4
37,34,330,34.90349076,CHI,1,1,10,1,38,12,27,0,2,16,18,1,0,1,2,0,0,1,5,40,24.2
38,34,332,34.90896646,CHI,0,0,-10,1,38,9,23,0,1,2,4,2,7,9,4,2,0,4,1,20,10.6
39,34,333,34.91170431,CHI,0,1,10,1,40,10,20,1,1,6,7,0,8,8,2,1,1,3,3,27,17.9
40,34,335,34.91718001,CHI,1,1,6,1,41,16,29,2,2,11,12,0,3,3,3,3,1,4,2,45,32.6
41,34,338,34.92539357,CHI,1,1,31,1,31,14,23,1,3,4,4,1,4,5,6,3,1,1,2,33,30.5
42,34,340,34.93086927,CHI,0,1,2,1,44,10,23,0,1,12,13,0,5,5,1,1,1,4,2,32,18.6
43,34,342,34.93634497,CHI,1,0,-7,1,44,13,26,0,4,6,7,3,2,5,7,2,0,3,4,32,23.6
44,34,344,34.94182067,CHI,0,1,18,1,32,7,15,0,0,6,6,0,0,0,3,1,1,1,0,20,15.1
45,34,346,34.94729637,CHI,0,1,13,1,39,11,24,0,1,7,7,1,4,5,4,1,0,0,1,29,21.9
46,34,347,34.95003422,CHI,0,1,7,1,41,2,17,0,0,10,11,3,5,8,3,3,1,2,0,14,9.9
47,34,349,34.95550992,CHI,0,0,-25,1,37,11,26,0,1,9,12,0,5,5,2,1,0,1,0,31,18.9
48,34,350,34.95824778,CHI,0,1,39,1,33,6,12,0,0,3,4,1,5,6,3,1,0,0,1,15,13.5
49,34,352,34.96372348,CHI,0,0,-8,1,43,17,37,1,5,5,6,2,5,7,3,2,1,1,2,40,26.4
50,34,358,34.98015058,CHI,1,1,7,1,34,8,21,0,3,2,5,2,3,5,1,2,0,2,1,18,7.9
51,34,359,34.98288843,CHI,0,1,2,1,41,11,22,0,0,7,9,1,3,4,6,0,0,1,2,29,21.2
52,34,361,34.98836413,CHI,1,1,2,1,36,14,22,0,1,9,12,3,4,7,1,1,0,2,0,37,29
53,34,363,34.99383984,CHI,1,1,9,1,41,7,17,0,1,7,8,1,11,12,5,3,0,3,3,21,17.8
54,35,0,35,CHI,1,1,8,1,39,13,23,0,2,1,3,2,2,4,6,1,1,2,4,27,19.6
55,35,2,35.0054757,CHI,0,1,37,1,28,5,9,1,2,5,6,0,4,4,5,0,0,1,2,16,14.2
56,35,4,35.0109514,CHI,0,1,6,1,42,8,23,0,0,3,5,3,5,8,3,1,2,1,3,19,11.2
57,35,6,35.0164271,CHI,1,1,22,1,29,7,14,0,1,3,4,2,5,7,6,0,1,2,3,17,14.2
58,35,8,35.02190281,CHI,1,0,-5,1,42,9,26,0,2,15,17,1,3,4,3,4,1,3,2,33,22.2
59,35,11,35.03011636,CHI,1,1,15,1,39,10,17,0,1,8,9,1,1,2,2,0,0,2,1,28,19.7
60,35,14,35.03832991,CHI,1,1,28,1,40,12,19,0,0,6,6,0,7,7,2,2,0,2,1,30,24.6
61,35,19,35.05201916,CHI,0,1,13,1,43,17,33,1,2,7,9,3,5,8,6,3,1,2,1,42,34
62,35,21,35.05749487,CHI,1,1,15,1,39,17,30,1,2,2,2,0,4,4,4,1,1,1,2,37,26.7
63,35,23,35.06297057,CHI,0,0,-7,1,47,10,24,1,3,5,11,4,3,7,3,1,1,1,4,26,15.7
64,35,25,35.06844627,CHI,0,1,10,1,42,12,22,0,0,6,7,2,3,5,3,2,1,3,2,30,22.3
65,35,27,35.07392197,CHI,1,1,16,1,33,6,15,0,1,5,8,2,5,7,1,1,0,4,1,17,7.9
66,35,28,35.07665982,CHI,0,1,6,1,42,14,28,1,3,6,9,1,3,4,2,1,0,2,1,35,21.4
67,35,31,35.08487337,CHI,1,1,6,1,39,8,13,1,2,7,10,0,4,4,3,0,1,3,1,24,17.5
68,35,33,35.09034908,CHI,0,1,2,1,41,13,28,0,2,7,7,0,4,4,3,5,3,2,3,33,25.8
69,35,34,35.09308693,CHI,1,1,23,1,36,11,22,0,1,2,2,1,6,7,2,2,1,2,1,24,17.2
70,35,36,35.09856263,CHI,0,1,15,1,38,8,21,1,3,0,1,2,5,7,8,5,0,0,2,17,17.8
71,35,38,35.10403833,CHI,0,1,15,1,43,13,26,0,0,8,12,1,4,5,4,0,1,2,3,34,21.6
72,35,40,35.10951403,CHI,0,1,17,1,35,13,24,0,1,4,5,1,1,2,0,2,0,0,3,30,19.8
73,35,42,35.11498973,CHI,1,1,5,1,47,11,26,0,2,4,4,1,2,3,8,4,2,4,5,26,18.5
74,35,45,35.12320329,CHI,1,1,14,1,38,16,25,2,6,7,8,3,3,6,4,1,0,0,1,41,35.9
75,35,47,35.12867899,CHI,0,1,15,1,37,18,31,0,0,4,4,2,2,4,3,3,0,2,3,40,29.4
76,35,49,35.13415469,CHI,1,1,18,1,33,11,21,1,2,7,8,1,3,4,3,1,1,2,0,30,22.7
77,35,51,35.13963039,CHI,0,0,-6,1,37,10,24,0,2,9,12,0,6,6,4,0,0,4,3,29,14.4
78,35,53,35.14510609,CHI,1,1,9,1,35,15,25,3,5,4,10,1,3,4,2,4,0,0,2,37,29.3
79,35,55,35.15058179,CHI,1,0,-9,1,41,7,19,1,1,12,14,0,4,4,3,3,0,4,0,27,18
80,35,57,35.15605749,CHI,0,0,-8,1,43,7,25,0,3,5,10,4,2,6,4,1,0,2,4,19,5.9
81,35,59,35.1615332,CHI,0,1,7,1,39,9,19,0,2,6,8,1,5,6,2,5,0,4,5,24,16.1
82,35,60,35.16427105,CHI,1,1,2,1,40,11,24,0,0,22,24,0,3,3,3,1,0,1,1,44,33.4
1,38,255,38.69815195,WAS,0,0,-2,1,37,7,21,0,3,5,6,3,2,5,6,4,0,3,3,19,13.4
2,38,257,38.70362765,WAS,0,1,10,1,40,13,30,0,3,5,6,0,6,6,6,2,0,1,2,31,21
3,38,259,38.70910335,WAS,1,1,14,1,38,7,21,0,0,6,9,2,4,6,9,2,1,2,1,20,16.1
4,38,260,38.7118412,WAS,0,0,-22,1,22,8,18,0,0,3,3,0,8,8,2,1,0,1,1,19,13
5,38,263,38.72005476,WAS,0,0,-9,1,41,12,26,0,1,8,10,2,6,8,2,2,0,5,2,32,18.6
6,38,265,38.72553046,WAS,1,0,-9,1,38,13,30,0,1,6,8,0,3,3,3,3,0,3,3,32,17.2
7,38,267,38.73100616,WAS,1,0,-15,1,39,5,26,0,1,6,6,3,9,12,4,1,2,1,4,16,7.2
8,38,270,38.73921971,WAS,1,0,-9,1,41,12,24,0,1,7,8,1,3,4,3,2,1,3,3,31,20.8
9,38,272,38.74469541,WAS,1,0,-9,1,41,17,33,1,2,9,11,3,4,7,3,1,0,0,0,44,33.3
10,38,276,38.75564682,WAS,1,0,-7,1,41,13,23,1,2,3,4,0,4,4,6,2,0,5,4,30,19.5
11,38,278,38.76112252,WAS,0,0,-7,1,40,8,26,0,1,5,5,0,5,5,6,2,1,3,1,21,11
12,38,280,38.76659822,WAS,1,1,4,1,45,7,24,0,1,3,3,1,10,11,6,1,0,2,3,17,8.7
13,38,283,38.77481177,WAS,0,0,-19,1,31,9,24,0,0,0,0,1,3,4,5,1,0,0,2,18,10.1
14,38,284,38.77754962,WAS,0,1,7,1,38,11,27,0,1,8,10,0,6,6,7,5,1,1,2,30,25.3
15,38,286,38.78302533,WAS,0,1,9,1,38,10,20,0,1,2,3,1,6,7,5,0,0,2,2,22,14.8
16,38,287,38.78576318,WAS,1,0,-9,1,33,6,19,0,0,3,3,0,7,7,7,0,2,2,4,15,8.9
17,38,292,38.79945243,WAS,0,1,3,1,33,9,23,0,0,0,0,0,6,6,7,0,0,4,2,18,7.4
18,38,294,38.80492813,WAS,0,1,7,1,35,7,21,0,1,7,9,2,10,12,4,4,0,1,3,21,17.3
19,38,297,38.81314168,WAS,0,1,10,1,31,8,19,0,1,0,0,0,6,6,9,0,0,0,2,16,13.2
20,38,298,38.81587953,WAS,1,1,2,1,34,9,23,0,1,7,11,0,6,6,7,1,1,1,0,25,18.3
21,38,300,38.82135524,WAS,1,1,16,1,34,8,19,0,1,3,3,0,6,6,6,1,2,5,4,19,10.7
22,38,302,38.82683094,WAS,0,1,5,1,36,8,21,0,0,5,6,2,2,4,3,3,0,4,3,21,11
23,38,305,38.83504449,WAS,1,1,27,1,27,11,19,0,1,1,1,1,3,4,6,1,1,2,2,23,18.8
24,38,307,38.84052019,WAS,0,1,18,1,34,3,16,0,0,6,6,3,3,6,8,1,0,3,1,12,8.2
25,38,308,38.84325804,WAS,0,1,1,1,36,11,22,0,0,4,7,0,1,1,3,1,0,4,2,26,12.4
26,38,312,38.85420945,WAS,0,0,-6,1,35,11,28,1,2,5,6,1,3,4,7,1,0,3,4,28,15.3
27,38,313,38.8569473,WAS,0,0,-27,1,25,2,10,1,2,1,2,2,2,4,4,0,0,4,1,6,-0.2
28,38,315,38.862423,WAS,1,1,17,1,38,21,38,0,2,9,10,2,5,7,4,3,0,4,3,51,35.9
29,38,317,38.8678987,WAS,1,1,22,1,39,16,32,1,3,12,13,0,10,10,7,3,0,3,2,45,35.7
30,38,321,38.8788501,WAS,1,1,6,1,38,9,24,0,2,11,13,0,7,7,3,2,2,5,4,29,16
31,38,325,38.88980151,WAS,1,1,8,1,42,9,24,0,0,0,1,2,8,10,8,1,0,4,1,18,10.4
32,38,328,38.89801506,WAS,0,0,-19,1,33,10,24,0,0,2,4,0,3,3,3,1,0,6,2,22,5.6
33,38,329,38.90075291,WAS,1,0,-8,1,40,14,30,0,0,7,7,0,6,6,4,1,1,5,2,35,20.1
34,38,332,38.90896646,WAS,1,0,-5,1,40,5,21,0,0,10,16,0,1,1,4,0,1,4,0,20,4.7
35,38,333,38.91170431,WAS,0,0,-44,1,18,4,14,0,0,2,2,0,2,2,1,1,1,1,1,10,3.4
36,38,336,38.91991786,WAS,0,1,8,1,41,7,21,0,2,2,6,0,12,12,4,2,2,9,4,16,1.7
37,38,338,38.92539357,WAS,0,0,-4,1,39,12,34,1,4,4,5,4,10,14,3,0,0,1,1,29,16.1
38,38,339,38.92813142,WAS,1,0,-7,1,42,14,27,1,2,1,1,2,6,8,6,2,1,5,4,30,20.2
39,38,341,38.93360712,WAS,1,1,9,1,40,18,29,0,0,4,7,1,7,8,2,2,0,0,2,40,31.1
40,38,343,38.93908282,WAS,1,1,10,1,40,17,30,0,0,7,9,2,2,4,7,2,0,2,2,41,32.1
41,38,346,38.94729637,WAS,1,0,-3,1,42,13,30,0,0,6,8,0,5,5,7,2,0,3,0,32,20.8
42,38,348,38.95277207,WAS,0,1,1,1,40,11,27,0,1,4,4,1,4,5,8,1,0,4,0,26,16
43,38,349,38.95550992,WAS,1,1,7,1,38,10,24,0,1,8,10,0,4,4,8,2,2,1,2,28,22.8
44,38,351,38.96098563,WAS,1,1,20,1,41,11,19,1,1,0,0,1,4,5,6,0,0,0,2,23,19.4
45,38,353,38.96646133,WAS,1,1,5,1,40,10,21,0,1,3,4,1,6,7,5,0,0,2,3,23,14.7
46,38,355,38.97193703,WAS,1,1,7,1,41,12,30,0,1,1,1,2,4,6,9,1,0,1,2,25,16.9
47,38,360,38.98562628,WAS,0,0,-9,1,41,8,20,0,0,6,8,0,5,5,6,2,1,4,1,22,14.4
48,38,362,38.99110198,WAS,0,0,-16,1,33,6,18,0,0,4,6,0,1,1,4,1,0,3,0,16,6.1
49,38,363,38.99383984,WAS,0,1,1,1,37,7,19,0,0,8,9,0,6,6,4,2,2,5,2,22,13.3
50,39,1,39.00273785,WAS,1,0,-13,1,36,5,12,0,1,1,2,1,5,6,11,0,0,2,2,11,11.3
51,39,4,39.0109514,WAS,1,0,-11,1,37,7,17,0,1,2,2,0,5,5,6,3,0,4,2,16,10.8
52,39,6,39.0164271,WAS,1,0,-2,1,37,13,25,1,1,10,12,1,4,5,7,0,0,4,3,37,25.5
53,39,7,39.01916496,WAS,0,0,-12,1,30,4,13,1,2,0,1,0,5,5,6,3,0,6,2,9,3
54,39,31,39.08487337,WAS,0,1,32,0,16,2,9,0,0,3,3,0,1,1,2,2,0,2,0,7,3.2
55,39,32,39.08761123,WAS,0,0,-15,0,22,4,12,0,0,3,4,0,4,4,4,1,0,1,0,11,7.8
56,39,35,39.09582478,WAS,0,0,-1,0,22,6,17,0,0,2,2,0,3,3,2,2,0,3,4,14,4.2
57,39,37,39.10130048,WAS,1,1,16,0,20,4,9,0,1,1,3,1,2,3,6,0,0,1,2,9,7.2
58,39,40,39.10951403,WAS,1,1,9,0,26,12,22,0,0,10,12,0,3,3,1,0,0,0,1,34,23.8
59,39,42,39.11498973,WAS,1,0,-7,0,28,4,14,0,0,2,2,1,2,3,5,1,1,2,1,10,5.9
60,39,44,39.12046543,WAS,1,0,-20,0,12,1,5,0,0,0,0,0,3,3,3,0,0,0,1,2,1.5
1,39,255,39.69815195,WAS,0,0,-6,0,25,4,14,0,0,0,2,0,3,3,1,3,0,2,3,8,0.4
2,39,256,39.7008898,WAS,1,1,45,0,21,8,15,0,0,5,5,0,4,4,5,2,1,0,1,21,20.7
3,39,258,39.7063655,WAS,1,0,-8,0,27,7,16,1,2,6,8,0,2,2,2,2,0,0,2,21,15
4,39,261,39.71457906,WAS,0,0,-4,0,29,5,14,0,0,0,0,0,2,2,1,1,0,1,2,10,2.7
5,39,262,39.71731691,WAS,1,1,7,0,24,2,6,0,1,2,3,1,2,3,4,3,0,1,3,6,7.1
6,39,264,39.72279261,WAS,1,1,1,0,30,9,14,0,0,7,12,0,3,3,3,2,0,2,4,25,18.2
7,39,265,39.72553046,WAS,0,1,14,0,31,5,11,0,1,2,2,2,6,8,6,0,2,0,3,12,13.9
8,39,268,39.73374401,WAS,1,0,-6,0,31,13,22,0,0,1,2,1,5,6,4,1,1,4,1,27,18.7
9,39,270,39.73921971,WAS,1,1,3,0,34,7,17,0,1,5,5,0,6,6,1,1,0,3,4,19,8.8
10,39,272,39.74469541,WAS,1,1,30,0,19,4,5,0,0,0,0,0,5,5,2,2,0,1,3,8,8.8
11,39,273,39.74743326,WAS,0,0,-16,0,28,9,16,1,2,0,0,0,2,2,3,1,0,5,1,19,9.7
12,39,278,39.76112252,WAS,0,0,-7,0,30,4,15,0,0,0,0,0,2,2,1,0,0,1,2,8,-1.4
13,39,279,39.76386037,WAS,0,0,-11,0,32,9,18,0,0,2,2,2,4,6,5,2,0,3,1,20,15.7
14,39,282,39.77207392,WAS,1,0,-4,0,34,10,21,3,3,5,8,0,1,1,2,3,0,1,2,28,19
15,39,285,39.78028747,WAS,0,0,-16,0,30,6,15,0,1,2,2,0,4,4,1,1,0,1,2,14,7
16,39,286,39.78302533,WAS,1,0,-1,1,37,8,20,0,2,0,0,1,3,4,2,0,1,2,3,16,5.7
17,39,289,39.79123888,WAS,1,1,25,1,30,9,20,0,0,7,8,0,7,7,4,0,0,1,1,25,17.7
18,39,290,39.79397673,WAS,0,1,5,1,39,5,14,0,0,11,16,2,7,9,4,6,2,3,2,21,21.1
19,39,292,39.79945243,WAS,0,0,-10,1,39,7,21,0,0,2,2,1,5,6,0,0,0,3,3,16,2.1
20,39,293,39.80219028,WAS,1,1,3,1,37,9,18,0,1,2,4,0,9,9,2,3,0,2,3,20,14.1
21,39,296,39.81040383,WAS,1,0,-19,1,29,6,10,0,0,2,2,2,3,5,1,1,1,1,0,14,13.1
22,39,299,39.81861739,WAS,0,0,-14,1,40,5,20,0,0,2,2,0,5,5,4,2,0,4,2,12,1.5
23,39,301,39.82409309,WAS,0,1,13,1,40,1,9,0,0,0,0,2,6,8,9,2,1,0,2,2,7.5
24,39,303,39.82956879,WAS,0,1,10,1,38,12,18,0,0,6,6,0,3,3,2,0,0,1,3,30,22.3
25,39,304,39.83230664,WAS,1,1,18,1,35,14,23,2,3,3,3,0,5,5,2,3,0,3,0,33,25.4
26,39,307,39.84052019,WAS,0,0,-11,1,41,8,20,0,0,0,0,0,5,5,3,0,1,2,1,16,7.1
27,39,309,39.84599589,WAS,0,0,-6,1,36,5,15,1,1,2,2,0,7,7,8,0,2,3,3,13,9.4
28,39,312,39.85420945,WAS,1,0,-5,1,41,7,17,0,1,3,4,1,3,4,1,0,2,4,4,17,5.6
29,39,314,39.85968515,WAS,1,1,8,1,35,4,10,0,1,2,2,1,3,4,5,1,1,0,2,10,10.6
30,39,316,39.86516085,WAS,0,0,-17,1,39,8,17,0,0,5,5,0,8,8,9,3,0,4,4,21,18.4
31,39,317,39.8678987,WAS,1,1,2,1,35,7,15,1,1,2,2,1,6,7,3,1,0,2,1,17,12.5
32,39,319,39.8733744,WAS,0,1,25,1,30,4,11,0,2,2,2,1,4,5,5,2,0,3,1,10,7.9
33,39,321,39.8788501,WAS,1,1,3,1,53,14,26,3,4,10,12,3,9,12,4,3,0,2,2,41,35.4
34,39,323,39.8843258,WAS,0,1,5,1,40,7,18,0,2,5,5,0,11,11,7,4,0,4,2,19,16.6
35,39,325,39.88980151,WAS,1,1,3,1,33,5,13,0,0,4,5,0,10,10,7,1,0,2,4,14,11.8
36,39,327,39.89527721,WAS,1,0,-5,1,41,7,17,0,0,0,0,0,2,2,5,0,1,0,1,14,9.3
37,39,328,39.89801506,WAS,0,1,5,1,41,8,25,0,0,7,9,5,5,10,3,1,0,2,2,23,13.2
38,39,331,39.90622861,WAS,1,0,-9,1,41,8,23,0,0,6,6,2,3,5,4,3,2,2,1,22,16.2
39,39,333,39.91170431,WAS,1,1,15,1,39,12,25,0,1,8,10,1,5,6,8,2,0,1,3,32,26.1
40,39,335,39.91718001,WAS,1,0,-8,1,42,10,25,0,3,5,6,2,6,8,7,5,1,2,4,25,21.3
41,39,337,39.92265572,WAS,1,1,15,1,42,11,22,0,2,3,4,1,4,5,6,1,1,3,3,25,17.2
42,39,339,39.92813142,WAS,0,0,-9,1,38,9,21,0,0,0,0,0,4,4,3,3,0,2,1,18,10.8
43,39,341,39.93360712,WAS,0,0,-7,1,39,4,14,0,0,3,4,2,3,5,3,1,1,1,2,11,6.7
44,39,342,39.93634497,WAS,1,0,-8,1,41,8,18,0,1,1,2,0,8,8,5,2,1,4,0,17,11.8
45,39,344,39.94182067,WAS,1,1,5,1,38,9,14,0,0,1,2,0,7,7,1,2,0,5,1,19,11.8
46,39,346,39.94729637,WAS,0,0,-8,1,37,4,16,0,0,0,0,0,5,5,5,0,0,3,2,8,-0.4
47,39,347,39.95003422,WAS,0,0,-7,1,39,11,24,0,1,2,3,2,2,4,4,1,0,2,1,24,14.6
48,39,349,39.95550992,WAS,1,1,5,1,44,18,33,0,0,9,10,1,2,3,6,1,1,2,5,45,31.9
49,39,352,39.96372348,WAS,1,1,9,1,43,13,26,0,0,1,1,0,4,4,8,4,1,2,3,27,22.3
50,39,359,39.98288843,WAS,0,0,-19,1,31,5,19,0,0,2,2,2,5,7,2,0,0,1,0,12,4
51,39,360,39.98562628,WAS,0,1,4,1,39,8,24,0,0,7,9,2,4,6,12,2,1,2,6,23,17.9
52,39,362,39.99110198,WAS,0,0,-32,1,29,3,12,0,0,5,5,1,1,2,3,0,0,2,0,11,4.9
53,40,2,40.0054757,WAS,0,0,-12,1,39,8,23,0,0,4,6,3,3,6,2,0,2,3,0,20,9.1
54,40,4,40.0109514,WAS,1,1,3,1,43,18,30,0,0,7,8,0,10,10,3,4,1,1,2,43,36.8
55,40,6,40.0164271,WAS,1,0,-5,1,52,14,26,0,0,2,2,2,7,9,3,2,1,6,3,30,18.5
56,40,8,40.02190281,WAS,0,1,5,1,41,11,25,0,0,3,4,0,6,6,3,1,0,1,2,25,14.6
57,40,10,40.02737851,WAS,1,1,2,1,50,15,26,0,0,5,7,0,11,11,6,0,0,3,3,35,25.3
58,40,12,40.03285421,WAS,1,1,8,1,43,7,18,0,2,3,4,0,8,8,8,0,0,2,2,17,12
59,40,13,40.03559206,WAS,0,0,-10,1,39,9,27,0,1,3,3,1,7,8,2,1,3,0,2,21,12.2
60,40,15,40.04106776,WAS,1,0,-3,1,15,2,5,0,0,0,0,1,2,3,2,0,0,3,1,4,0.6
61,40,16,40.04380561,WAS,1,1,19,1,24,4,14,0,0,2,2,3,6,9,0,0,0,1,2,10,3.9
62,40,18,40.04928131,WAS,1,0,-3,1,43,11,24,0,1,5,6,0,9,9,3,2,0,1,2,27,19.2
63,40,20,40.05475702,WAS,0,0,-1,1,43,13,22,0,0,13,15,1,7,8,1,1,0,3,3,39,28.3
64,40,22,40.06023272,WAS,1,1,1,1,40,10,18,0,0,3,3,0,4,4,2,2,0,9,4,23,8.4
65,40,25,40.06844627,WAS,0,0,-10,1,40,6,18,0,0,3,4,1,4,5,4,2,1,0,2,15,11
66,40,26,40.07118412,WAS,1,1,7,1,39,9,18,0,1,1,1,2,6,8,1,2,2,3,3,19,13.1
67,40,29,40.07939767,WAS,1,0,-4,1,50,10,25,0,1,3,4,1,10,11,3,0,0,2,2,23,12.1
68,40,32,40.08761123,WAS,0,0,-26,1,36,4,12,0,1,6,6,2,3,5,2,1,1,2,0,14,10.6
69,40,34,40.09308693,WAS,0,0,-6,1,42,11,23,1,1,1,1,0,5,5,4,2,0,3,2,24,14.8
70,40,36,40.09856263,WAS,0,1,4,1,41,11,19,0,0,3,4,0,5,5,7,2,0,1,4,25,21.5
71,40,37,40.10130048,WAS,0,1,6,1,44,12,22,0,0,2,3,1,9,10,4,2,1,4,3,26,18.7
72,40,39,40.10677618,WAS,0,0,-14,1,41,10,20,0,0,3,4,0,0,0,4,1,0,1,1,23,15
73,40,41,40.11225188,WAS,0,0,-16,1,37,9,23,0,1,1,2,1,4,5,2,1,0,5,1,19,5
74,40,44,40.12046543,WAS,1,0,-6,1,42,8,17,0,0,1,2,0,1,1,4,0,0,1,2,17,9.2
75,40,45,40.12320329,WAS,0,0,-2,1,43,10,23,0,1,2,2,1,13,14,7,2,0,0,2,22,20.6
76,40,48,40.13141684,WAS,0,1,1,1,47,10,22,1,1,4,4,2,11,13,7,2,0,2,3,25,22
77,40,50,40.13689254,WAS,0,1,9,1,46,10,19,1,1,5,5,3,7,10,3,3,1,1,0,26,25.7
78,40,51,40.13963039,WAS,1,0,-4,1,43,8,17,1,2,4,4,0,10,10,1,2,0,1,2,21,16.2
79,40,53,40.14510609,WAS,0,1,4,1,40,11,26,0,1,3,3,1,1,2,4,2,0,1,2,25,15.2
80,40,54,40.14784394,WAS,1,0,-1,1,30,8,16,0,0,1,2,2,6,8,6,1,1,2,3,17,14.5
81,40,56,40.15331964,WAS,1,0,-14,1,37,9,22,0,3,3,3,1,7,8,1,1,0,2,1,21,11.3
82,40,58,40.15879535,WAS,0,0,-20,1,28,6,15,0,0,3,4,0,4,4,4,0,0,2,0,15,8.5
