Age,Team,Home,Win,Game Started,Total RB,AST,PTS
21.6899384,CHI,1,1,1,6,7,16
21.69267625,CHI,0,0,1,5,5,21
21.69815195,CHI,1,1,1,4,5,37
21.7008898,CHI,0,1,1,4,5,25
21.7063655,CHI,0,0,1,5,5,17
21.72279261,CHI,0,1,1,4,3,25
21.72553046,CHI,0,1,1,8,5,33
21.73100616,CHI,0,1,1,9,4,27
21.73921971,CHI,1,1,1,10,4,45
21.74469541,CHI,1,0,1,2,2,27
21.75017112,CHI,1,0,1,5,7,16
21.75564682,CHI,1,0,1,5,2,34
21.76112252,CHI,0,0,1,13,2,35
21.76659822,CHI,0,1,1,4,3,23
21.76933607,CHI,0,0,1,6,8,30
21.77754962,CHI,0,0,1,2,3,13
21.78302533,CHI,0,0,1,3,2,22
21.78576318,CHI,0,1,1,5,5,20
21.79123888,CHI,0,1,1,2,3,20
21.79671458,CHI,1,1,1,3,6,20
21.80492813,CHI,1,1,1,2,3,21
21.80766598,CHI,1,1,1,7,2,20
21.81587953,CHI,1,0,1,8,6,27
21.81861739,CHI,0,0,1,1,2,21
21.82409309,CHI,0,0,1,8,8,34
21.82683094,CHI,1,0,1,2,2,14
21.83504449,CHI,1,0,1,3,8,18
21.84052019,CHI,0,1,1,8,7,34
21.84599589,CHI,1,1,1,12,8,32
21.85968515,CHI,1,1,1,7,11,45
21.86516085,CHI,1,0,1,4,5,21
21.87611225,CHI,0,0,1,7,4,25
21.88158795,CHI,1,1,1,2,6,22
21.8843258,CHI,0,0,1,7,4,42
21.89527721,CHI,0,0,1,6,6,36
21.90075291,CHI,1,1,1,6,5,23
21.90349076,CHI,0,0,1,12,3,24
21.90896646,CHI,1,1,1,14,15,35
21.91444216,CHI,0,0,1,7,7,27
21.91718001,CHI,1,1,1,4,6,25
21.92265572,CHI,0,0,1,12,7,38
21.93086927,CHI,1,1,1,12,5,29
21.93908282,CHI,1,1,1,4,8,22
21.94182067,CHI,1,1,1,8,10,45
21.95003422,CHI,1,1,1,7,7,26
21.95277207,CHI,0,0,1,7,8,38
21.95824778,CHI,0,0,1,6,5,31
21.96919918,CHI,1,0,1,12,7,41
21.97467488,CHI,0,0,1,4,7,23
21.98836413,CHI,1,1,1,15,5,49
21.99657769,CHI,1,0,1,7,6,17
22,CHI,0,0,1,3,3,26
22.0054757,CHI,1,0,1,6,8,16
22.01368925,CHI,0,0,1,4,7,26
22.0164271,CHI,1,1,1,5,5,38
22.02464066,CHI,1,0,1,9,5,28
22.02737851,CHI,0,0,1,6,2,24
22.03285421,CHI,1,1,1,10,10,21
22.03832991,CHI,1,0,1,14,5,37
22.04380561,CHI,1,1,1,9,8,37
22.04654346,CHI,0,1,1,7,3,33
22.05201916,CHI,1,1,1,8,7,26
22.05475702,CHI,1,0,1,6,4,28
22.06023272,CHI,0,0,1,4,4,21
22.06297057,CHI,1,1,1,8,4,32
22.06844627,CHI,0,0,1,3,8,16
22.07118412,CHI,1,1,1,9,14,27
22.07665982,CHI,1,1,1,11,16,32
22.08213552,CHI,0,0,1,4,7,31
22.08487337,CHI,0,0,1,7,4,38
22.09308693,CHI,0,1,1,9,10,20
22.09582478,CHI,0,0,1,9,6,26
22.10130048,CHI,1,1,1,9,5,38
22.10677618,CHI,0,0,1,8,10,35
22.11225188,CHI,1,0,1,5,6,38
22.12046543,CHI,1,1,1,8,9,31
22.12320329,CHI,0,1,1,6,3,25
22.12867899,CHI,0,0,1,1,5,40
22.13141684,CHI,0,1,1,7,4,33
22.13689254,CHI,0,0,1,8,5,22
22.14784394,CHI,1,0,1,3,6,28
22.15058179,CHI,0,0,1,2,9,29
22.6844627,CHI,1,1,1,6,3,29
22.68720055,CHI,1,1,1,7,6,33
22.6954141,CHI,0,1,1,2,2,12
23.07118412,CHI,1,0,0,1,2,12
23.07665982,CHI,0,0,0,4,1,17
23.08213552,CHI,0,0,0,4,3,12
23.08761123,CHI,0,0,0,2,1,20
23.09034908,CHI,0,0,0,1,1,8
23.09856263,CHI,1,1,0,3,3,19
23.10677618,CHI,0,0,0,1,3,22
23.10951403,CHI,0,1,0,1,1,24
23.11772758,CHI,0,0,0,5,2,28
23.12320329,CHI,0,1,0,5,3,26
23.12867899,CHI,1,1,0,3,3,30
23.13415469,CHI,1,1,1,5,7,26
23.13689254,CHI,0,0,1,6,6,30
23.14510609,CHI,1,1,1,5,2,31
23.15058179,CHI,0,0,1,3,4,29
23.70362765,CHI,0,1,1,6,3,50
23.7063655,CHI,0,1,1,8,2,41
23.7118412,CHI,1,1,1,8,5,34
23.72005476,CHI,0,0,1,0,5,33
23.72279261,CHI,1,1,1,6,3,39
23.73100616,CHI,1,1,1,5,3,34
23.73374401,CHI,0,0,1,4,4,28
23.73921971,CHI,1,0,1,5,1,48
23.75838467,CHI,1,1,1,6,4,40
23.76112252,CHI,1,1,1,9,4,22
23.77207392,CHI,0,0,1,9,3,37
23.77754962,CHI,0,0,1,10,3,41
23.78028747,CHI,0,0,1,5,6,40
23.78850103,CHI,0,1,1,9,6,40
23.79123888,CHI,0,0,1,3,3,45
23.79671458,CHI,0,0,1,4,2,43
23.79945243,CHI,0,0,1,5,3,43
23.80766598,CHI,1,1,1,6,6,40
23.81040383,CHI,0,0,1,4,4,41
23.81587953,CHI,0,1,1,5,3,41
23.81861739,CHI,1,0,1,4,2,11
23.82683094,CHI,1,1,1,5,1,41
23.83230664,CHI,0,1,1,3,6,41
23.83778234,CHI,1,0,1,4,7,27
23.84599589,CHI,1,1,1,5,6,43
23.85147159,CHI,0,0,1,3,5,30
23.8569473,CHI,1,1,1,4,3,44
23.86516085,CHI,1,0,1,5,3,31
23.8733744,CHI,0,0,1,8,3,34
23.87611225,CHI,1,1,1,4,2,47
23.8843258,CHI,0,1,1,2,3,27
23.88980151,CHI,1,1,1,4,5,53
23.89527721,CHI,1,1,1,7,5,31
23.90896646,CHI,1,0,1,3,3,43
23.91444216,CHI,1,1,1,10,6,47
23.91991786,CHI,0,0,1,6,3,32
23.92265572,CHI,1,1,1,7,2,31
23.93086927,CHI,1,1,1,2,2,35
23.93360712,CHI,0,0,1,0,1,27
23.94182067,CHI,1,0,1,5,6,30
23.94455852,CHI,0,0,1,4,4,27
23.95003422,CHI,0,0,1,2,5,49
23.95550992,CHI,0,0,1,5,5,38
23.96098563,CHI,1,1,1,6,6,32
23.96646133,CHI,0,0,1,7,5,36
23.98015058,CHI,1,1,1,3,4,29
23.98836413,CHI,1,1,1,3,6,45
23.99110198,CHI,0,1,1,2,8,33
23.99657769,CHI,1,0,1,7,6,43
24.00821355,CHI,1,0,1,2,5,33
24.01368925,CHI,1,1,1,4,6,43
24.01916496,CHI,1,1,1,12,2,34
24.02464066,CHI,1,1,1,8,3,58
24.03011636,CHI,1,1,1,6,2,37
24.03285421,CHI,0,0,1,4,4,30
24.03832991,CHI,1,1,1,3,8,30
24.04106776,CHI,0,1,1,7,3,61
24.04654346,CHI,1,0,1,8,5,27
24.05201916,CHI,1,1,1,6,4,33
24.05475702,CHI,0,0,1,7,8,31
24.06023272,CHI,0,0,1,8,7,49
24.06570842,CHI,1,0,1,4,3,24
24.06844627,CHI,0,0,1,7,8,13
24.07392197,CHI,0,0,1,4,5,44
24.07665982,CHI,0,0,1,3,9,21
24.08213552,CHI,0,1,1,7,3,40
24.08761123,CHI,0,1,1,3,5,40
24.09034908,CHI,0,0,1,1,6,46
24.09582478,CHI,1,1,1,7,3,56
24.10130048,CHI,0,0,1,6,7,40
24.10403833,CHI,1,0,1,7,7,22
24.10951403,CHI,1,1,1,1,8,33
24.11498973,CHI,1,1,1,3,4,36
24.11772758,CHI,0,0,1,9,7,26
24.12320329,CHI,0,0,1,2,7,32
24.12594114,CHI,0,0,1,6,7,31
24.13415469,CHI,1,1,1,5,4,39
24.14236824,CHI,0,0,1,6,10,34
24.14784394,CHI,1,1,1,4,8,53
24.15058179,CHI,0,1,1,9,4,50
24.15879535,CHI,1,0,1,10,1,61
24.1615332,CHI,0,0,1,4,8,17
24.72005476,CHI,1,1,1,5,3,36
24.72826831,CHI,0,1,1,6,7,29
24.73100616,CHI,0,1,1,3,4,31
24.73648186,CHI,1,1,1,7,5,36
24.73921971,CHI,1,0,1,5,5,37
24.74743326,CHI,1,1,1,3,7,26
24.75017112,CHI,0,1,1,3,8,30
24.75564682,CHI,1,1,1,7,7,33
24.75838467,CHI,1,0,1,6,8,49
24.76386037,CHI,0,1,1,10,3,31
24.76933607,CHI,0,1,1,3,6,33
24.77481177,CHI,0,0,1,6,9,25
24.77754962,CHI,0,1,1,7,6,34
24.78576318,CHI,0,1,1,6,9,16
24.78850103,CHI,0,1,1,4,9,47
24.79397673,CHI,0,0,1,4,5,23
24.79671458,CHI,0,0,1,2,8,40
24.80492813,CHI,1,0,1,5,10,33
24.81040383,CHI,1,1,1,7,4,32
24.81587953,CHI,1,1,1,3,9,44
24.82409309,CHI,0,0,1,8,12,38
24.82956879,CHI,1,1,1,3,6,52
24.83504449,CHI,0,0,1,2,7,30
24.84325804,CHI,1,0,1,6,7,28
24.84599589,CHI,0,0,1,5,2,16
24.85420945,CHI,0,0,1,6,6,17
24.862423,CHI,1,0,1,8,6,39
24.8733744,CHI,1,1,1,10,10,25
24.88158795,CHI,1,1,1,11,9,31
24.88706366,CHI,1,1,1,9,5,28
24.89253936,CHI,1,1,1,3,8,45
24.90075291,CHI,1,0,1,4,6,42
24.90622861,CHI,0,0,1,4,7,28
24.91170431,CHI,1,1,1,10,10,36
24.91718001,CHI,1,1,1,3,7,33
24.91991786,CHI,0,0,1,3,4,38
24.92813142,CHI,1,1,1,4,13,42
24.93086927,CHI,1,1,1,7,8,36
24.93908282,CHI,0,0,1,7,5,34
24.94182067,CHI,0,1,1,4,7,37
24.94729637,CHI,1,1,1,1,4,32
24.95003422,CHI,1,1,1,5,4,28
24.95550992,CHI,0,0,1,5,3,37
24.95824778,CHI,0,0,1,2,4,39
24.96372348,CHI,0,1,1,5,8,37
24.97741273,CHI,1,0,1,7,9,20
24.98015058,CHI,0,0,1,4,4,34
24.98562628,CHI,0,1,1,6,8,27
24.98836413,CHI,0,0,1,2,2,27
24.99383984,CHI,1,1,1,13,8,32
25.0054757,CHI,1,1,1,3,3,49
25.0109514,CHI,0,0,1,4,9,46
25.0164271,CHI,1,1,1,9,5,39
25.02464066,CHI,1,0,1,8,3,52
25.02737851,CHI,1,0,1,2,3,38
25.03285421,CHI,0,0,1,5,4,35
25.04106776,CHI,1,1,1,10,7,36
25.04654346,CHI,1,1,1,6,4,21
25.05201916,CHI,0,0,1,10,3,38
25.06023272,CHI,1,1,1,9,7,38
25.06570842,CHI,1,1,1,7,6,28
25.07392197,CHI,1,1,1,6,1,38
25.07665982,CHI,0,0,1,4,5,25
25.08213552,CHI,1,1,1,5,9,50
25.08761123,CHI,0,0,1,4,7,26
25.09582478,CHI,0,1,1,13,2,49
25.10130048,CHI,0,1,1,8,7,39
25.10403833,CHI,1,1,1,3,2,38
25.11225188,CHI,0,0,1,4,4,26
25.11498973,CHI,0,1,1,6,4,36
25.12046543,CHI,0,1,1,11,7,38
25.12594114,CHI,0,1,1,4,6,59
25.13141684,CHI,1,0,1,3,1,29
25.13415469,CHI,0,1,1,6,6,37
25.13963039,CHI,1,1,1,6,3,40
25.15605749,CHI,0,1,1,6,3,35
25.15879535,CHI,0,1,1,0,4,28
25.16427105,CHI,1,1,1,3,6,44
25.16974675,CHI,0,1,1,5,2,47
25.17522245,CHI,0,0,1,3,8,39
25.1779603,CHI,1,0,1,1,7,26
25.183436,CHI,1,1,1,6,6,46
25.71457906,CHI,1,0,1,5,7,28
25.71731691,CHI,0,1,1,2,7,29
25.72553046,CHI,0,0,1,3,9,31
25.72826831,CHI,0,1,1,3,2,52
25.73374401,CHI,1,1,1,6,3,36
25.73648186,CHI,0,0,1,7,6,42
25.74469541,CHI,1,1,1,6,6,33
25.74743326,CHI,0,0,1,9,1,52
25.75290897,CHI,1,1,1,9,9,34
25.76386037,CHI,0,1,1,11,8,32
25.76659822,CHI,0,0,1,12,7,26
25.77481177,CHI,0,0,1,11,7,52
25.78302533,CHI,0,0,1,10,7,26
25.78576318,CHI,0,0,1,8,5,33
25.79397673,CHI,0,1,1,11,6,39
25.80219028,CHI,1,1,1,9,5,38
25.80492813,CHI,0,0,1,7,7,18
25.81040383,CHI,1,1,1,11,5,35
25.81314168,CHI,1,1,1,11,4,38
25.82135524,CHI,1,0,1,14,6,28
25.82956879,CHI,1,1,1,7,7,28
25.83230664,CHI,0,1,1,6,5,36
25.84052019,CHI,1,1,1,7,8,42
25.84873374,CHI,0,0,1,5,4,33
25.85968515,CHI,1,0,1,12,4,43
25.86516085,CHI,1,1,1,9,3,37
25.8678987,CHI,0,1,1,7,4,31
25.8788501,CHI,1,1,1,10,11,41
25.8843258,CHI,0,0,1,11,7,32
25.88706366,CHI,1,0,1,5,4,27
25.89801506,CHI,0,1,1,10,9,48
25.90075291,CHI,0,1,1,4,10,24
25.90622861,CHI,1,1,1,12,11,38
25.91170431,CHI,1,1,1,9,11,42
25.91718001,CHI,1,1,1,6,13,22
25.92265572,CHI,0,1,1,5,7,34
25.92813142,CHI,1,0,1,14,8,53
25.93634497,CHI,1,1,1,3,6,24
25.93908282,CHI,0,0,1,6,12,33
25.94455852,CHI,1,1,1,11,9,33
25.95550992,CHI,1,0,1,12,10,21
25.96098563,CHI,1,1,1,7,8,40
25.96372348,CHI,0,0,1,6,10,29
25.96919918,CHI,0,0,1,6,10,28
25.97467488,CHI,1,1,1,7,5,32
25.98015058,CHI,0,1,1,6,9,23
25.99383984,CHI,1,0,1,5,3,32
25.99931554,CHI,1,1,1,8,5,50
26.0054757,CHI,0,1,1,3,9,23
26.00821355,CHI,1,1,1,6,7,33
26.01368925,CHI,0,1,1,4,5,24
26.01916496,CHI,1,1,1,4,8,33
26.02190281,CHI,0,0,1,5,3,18
26.03011636,CHI,1,1,1,6,8,24
26.03832991,CHI,1,1,1,8,9,28
26.04106776,CHI,0,0,1,3,10,28
26.04928131,CHI,1,0,1,11,4,34
26.06023272,CHI,1,1,1,8,15,18
26.06570842,CHI,1,1,1,14,14,21
26.07118412,CHI,0,0,1,6,12,28
26.07665982,CHI,1,1,1,5,9,33
26.07939767,CHI,0,0,1,6,10,28
26.08761123,CHI,0,1,1,8,16,21
26.09034908,CHI,0,1,1,10,9,32
26.09582478,CHI,0,1,1,7,17,34
26.09856263,CHI,0,1,1,12,12,21
26.10677618,CHI,1,1,1,12,11,33
26.10951403,CHI,0,1,1,10,10,32
26.11498973,CHI,1,0,1,10,10,37
26.12046543,CHI,1,1,1,14,12,27
26.12594114,CHI,1,1,1,10,12,33
26.13141684,CHI,0,0,1,13,10,31
26.13415469,CHI,1,0,1,7,11,40
26.13963039,CHI,0,0,1,10,12,40
26.15058179,CHI,0,0,1,11,13,47
26.15331964,CHI,0,0,1,10,12,29
26.15879535,CHI,0,0,1,3,3,22
26.1615332,CHI,1,1,1,11,9,34
26.16974675,CHI,0,0,1,5,4,30
26.1724846,CHI,1,1,1,14,11,34
26.1779603,CHI,1,0,1,5,3,25
26.70910335,CHI,1,1,1,14,6,54
26.7118412,CHI,1,0,1,5,6,24
26.72005476,CHI,1,1,1,5,7,40
26.72279261,CHI,0,1,1,6,2,45
26.72826831,CHI,0,0,1,6,5,26
26.73100616,CHI,1,1,1,4,6,25
26.73921971,CHI,0,1,1,13,7,27
26.74195756,CHI,0,0,1,10,3,40
26.75017112,CHI,0,0,1,6,7,32
26.75838467,CHI,0,0,1,0,7,16
26.76112252,CHI,0,1,1,7,7,34
26.76933607,CHI,0,1,1,14,9,29
26.77207392,CHI,0,0,1,7,4,26
26.77754962,CHI,1,1,1,9,13,22
26.78850103,CHI,0,1,1,5,7,36
26.79671458,CHI,1,1,1,17,7,35
26.80492813,CHI,0,0,1,8,10,36
26.80766598,CHI,1,1,1,9,9,29
26.81587953,CHI,1,1,1,7,7,41
26.82135524,CHI,1,1,1,7,5,38
26.82683094,CHI,1,1,1,9,7,33
26.83504449,CHI,1,1,1,7,5,37
26.83778234,CHI,0,0,1,5,7,52
26.84325804,CHI,0,1,1,4,4,29
26.84599589,CHI,0,0,1,4,6,16
26.85420945,CHI,1,1,1,2,4,28
26.862423,CHI,1,1,1,5,7,34
26.86516085,CHI,0,1,1,7,10,28
26.87611225,CHI,0,1,1,8,8,38
26.88158795,CHI,1,1,1,4,6,43
26.8843258,CHI,0,0,1,9,5,35
26.89253936,CHI,0,0,1,8,5,16
26.89527721,CHI,0,0,1,7,5,35
26.90075291,CHI,0,1,1,4,6,45
26.90349076,CHI,1,1,1,5,10,28
26.90896646,CHI,0,0,1,4,8,26
26.91718001,CHI,1,1,1,12,8,44
26.91991786,CHI,0,1,1,9,3,36
26.92539357,CHI,1,1,1,10,7,42
26.93086927,CHI,1,0,1,6,2,32
26.93908282,CHI,0,0,1,5,11,31
26.94182067,CHI,1,1,1,7,4,39
26.94729637,CHI,1,1,1,7,9,16
26.95550992,CHI,0,0,1,6,5,35
26.96098563,CHI,0,0,1,3,5,44
26.97193703,CHI,0,0,1,4,4,32
26.97467488,CHI,0,0,1,1,8,15
26.98836413,CHI,0,1,1,4,6,26
26.99110198,CHI,0,0,1,7,2,49
26.99657769,CHI,1,1,1,3,4,26
27.00273785,CHI,0,1,1,3,4,39
27.0054757,CHI,1,1,1,6,9,30
27.0164271,CHI,1,1,1,10,10,35
27.02190281,CHI,0,1,1,8,8,32
27.02737851,CHI,1,1,1,6,6,43
27.03559206,CHI,1,1,1,4,4,23
27.04106776,CHI,0,1,1,6,11,36
27.04654346,CHI,0,1,1,8,6,35
27.05201916,CHI,1,0,1,7,4,43
27.05749487,CHI,1,1,1,7,3,45
27.06570842,CHI,0,1,1,8,7,34
27.07392197,CHI,1,0,1,8,7,20
27.07665982,CHI,1,1,1,8,10,32
27.08487337,CHI,1,1,1,8,5,21
27.08761123,CHI,0,1,1,4,6,27
27.09308693,CHI,1,1,1,6,5,41
27.09582478,CHI,1,0,1,5,6,43
27.10130048,CHI,1,1,1,12,5,28
27.10677618,CHI,0,1,1,18,6,69
27.11225188,CHI,1,1,1,12,4,49
27.11772758,CHI,1,1,1,6,7,47
27.12320329,CHI,1,1,1,4,10,29
27.12867899,CHI,1,1,1,7,3,38
27.13415469,CHI,0,1,1,3,4,43
27.14510609,CHI,1,1,1,5,7,22
27.15058179,CHI,1,1,1,6,10,26
27.15331964,CHI,0,0,1,3,5,21
27.15879535,CHI,0,0,1,7,6,23
27.1615332,CHI,1,1,1,11,6,35
27.1670089,CHI,1,1,1,6,7,32
27.16974675,CHI,0,0,1,8,9,45
27.17522245,CHI,0,0,1,10,4,22
27.7063655,CHI,1,0,1,5,7,34
27.70910335,CHI,0,0,1,10,1,28
27.71731691,CHI,1,0,1,8,12,33
27.72005476,CHI,0,1,1,5,6,17
27.72553046,CHI,0,1,1,5,6,41
27.72826831,CHI,1,1,1,6,8,23
27.73648186,CHI,0,1,1,11,5,29
27.74195756,CHI,0,0,1,8,6,14
27.74743326,CHI,0,1,1,4,3,33
27.75017112,CHI,0,0,1,5,7,29
27.75838467,CHI,0,0,1,4,4,34
27.76386037,CHI,0,1,1,6,7,14
27.76659822,CHI,0,1,1,7,12,38
27.77754962,CHI,1,1,1,2,7,24
27.78302533,CHI,1,1,1,5,3,37
27.78576318,CHI,0,1,1,2,4,32
27.79397673,CHI,1,1,1,4,7,27
27.80219028,CHI,1,1,1,7,9,33
27.80492813,CHI,1,0,1,6,3,35
27.81314168,CHI,0,0,1,4,5,31
27.82135524,CHI,1,1,1,8,8,20
27.82409309,CHI,1,1,1,9,6,24
27.83230664,CHI,1,1,1,9,6,39
27.83504449,CHI,0,0,1,5,6,33
27.84052019,CHI,1,1,1,15,9,33
27.84325804,CHI,1,1,1,7,5,29
27.85147159,CHI,1,1,1,8,3,37
27.8569473,CHI,1,1,1,14,7,42
27.862423,CHI,1,1,1,10,4,31
27.87611225,CHI,0,0,1,3,7,32
27.88158795,CHI,1,1,1,3,4,30
27.88980151,CHI,1,1,1,6,4,41
27.89253936,CHI,0,1,1,4,9,40
27.89801506,CHI,1,1,1,6,6,31
27.90075291,CHI,0,1,1,3,3,33
27.90622861,CHI,1,1,1,10,9,34
27.91170431,CHI,0,1,1,4,4,29
27.91718001,CHI,0,0,1,7,8,30
27.92539357,CHI,0,1,1,6,5,37
27.93086927,CHI,0,0,1,6,5,35
27.93634497,CHI,1,1,1,3,2,26
27.95277207,CHI,0,0,1,3,3,36
27.95550992,CHI,0,1,1,6,8,31
27.96098563,CHI,0,0,1,7,9,23
27.96372348,CHI,0,1,1,2,5,24
27.97193703,CHI,0,1,1,9,3,30
27.98562628,CHI,1,1,1,4,7,32
27.99110198,CHI,0,1,1,2,3,29
27.99657769,CHI,1,1,1,11,7,26
28.00273785,CHI,0,1,1,6,5,32
28.0054757,CHI,1,1,1,12,4,40
28.01368925,CHI,1,1,1,3,4,34
28.0164271,CHI,1,1,1,3,3,29
28.02464066,CHI,1,1,1,8,4,39
28.03285421,CHI,1,1,1,11,8,29
28.03559206,CHI,0,0,1,5,2,22
28.04380561,CHI,1,1,1,9,2,30
28.05201916,CHI,1,1,1,5,2,37
28.05749487,CHI,0,1,1,9,9,25
28.06297057,CHI,1,1,1,5,10,20
28.06570842,CHI,0,1,1,8,4,39
28.07118412,CHI,0,1,1,5,8,34
28.07392197,CHI,0,1,1,3,3,37
28.07939767,CHI,1,1,1,6,2,31
28.08487337,CHI,1,1,1,5,11,22
28.09034908,CHI,0,0,1,5,5,20
28.09308693,CHI,1,1,1,2,5,39
28.09856263,CHI,1,0,1,7,4,34
28.10677618,CHI,0,1,1,1,4,42
28.10951403,CHI,0,1,1,5,5,20
28.11498973,CHI,0,0,1,7,9,37
28.12046543,CHI,1,1,1,4,6,44
28.12594114,CHI,0,1,1,8,4,34
28.12867899,CHI,1,0,1,5,9,39
28.13415469,CHI,1,0,1,4,5,41
28.13963039,CHI,1,1,1,6,8,28
28.14236824,CHI,0,1,1,5,4,28
28.14784394,CHI,0,0,1,8,4,40
28.15605749,CHI,1,1,1,5,2,46
28.1615332,CHI,0,1,1,5,5,26
28.1670089,CHI,0,1,1,5,5,41
28.1724846,CHI,1,1,1,3,1,18
28.70362765,CHI,1,1,1,5,4,26
28.7063655,CHI,0,0,1,3,3,46
28.71457906,CHI,1,0,1,7,4,40
28.71731691,CHI,0,1,1,3,6,44
28.72279261,CHI,1,1,1,7,5,26
28.72553046,CHI,1,1,1,5,9,27
28.73374401,CHI,1,1,1,3,4,20
28.73648186,CHI,0,1,1,6,5,35
28.74195756,CHI,1,1,1,7,11,17
28.75564682,CHI,0,1,1,9,7,35
28.76112252,CHI,0,1,1,6,4,31
28.76386037,CHI,0,1,1,6,3,37
28.77207392,CHI,0,1,1,10,5,23
28.78028747,CHI,0,1,1,8,7,40
28.78302533,CHI,0,1,1,6,8,30
28.79397673,CHI,1,1,1,9,9,16
28.79945243,CHI,1,1,1,11,10,19
28.80219028,CHI,0,0,1,14,9,32
28.81040383,CHI,1,1,1,11,1,19
28.81861739,CHI,1,1,1,8,6,27
28.82135524,CHI,0,1,1,9,1,29
28.82956879,CHI,1,0,1,4,7,21
28.83778234,CHI,0,1,1,5,4,24
28.84052019,CHI,1,1,1,9,10,37
28.85147159,CHI,1,1,1,8,5,14
28.85420945,CHI,0,1,1,3,6,34
28.85968515,CHI,1,1,1,2,8,33
28.86516085,CHI,0,1,1,6,7,29
28.87611225,CHI,0,0,1,6,7,44
28.8788501,CHI,1,1,1,5,1,27
28.88706366,CHI,1,1,1,5,9,21
28.88980151,CHI,0,1,1,6,8,40
28.89527721,CHI,1,1,1,5,4,37
28.89801506,CHI,1,1,1,6,7,30
28.90622861,CHI,1,1,1,5,4,26
28.91170431,CHI,0,1,1,4,8,35
28.91444216,CHI,1,1,1,4,8,31
28.91991786,CHI,0,1,1,6,6,34
28.92539357,CHI,1,1,1,5,7,30
28.92813142,CHI,0,1,1,6,4,23
28.93360712,CHI,1,1,1,2,5,20
28.93634497,CHI,1,1,1,3,5,35
28.94455852,CHI,0,0,1,9,7,39
28.95003422,CHI,0,0,1,5,5,22
28.95277207,CHI,0,1,1,10,9,25
28.95824778,CHI,0,1,1,8,11,33
28.96098563,CHI,0,0,1,13,8,34
28.98288843,CHI,1,1,1,6,7,34
28.98836413,CHI,0,1,1,2,5,17
28.99383984,CHI,1,1,1,5,2,29
29,CHI,1,0,1,4,6,46
29.0054757,CHI,0,1,1,10,8,27
29.0109514,CHI,0,1,1,10,14,33
29.01368925,CHI,1,1,1,6,8,30
29.02190281,CHI,0,0,1,4,6,23
29.02464066,CHI,1,1,1,4,1,26
29.03011636,CHI,0,1,1,6,6,24
29.03559206,CHI,1,1,1,9,7,31
29.04106776,CHI,1,0,1,7,5,27
29.04654346,CHI,0,1,1,5,5,33
29.04928131,CHI,1,1,1,6,2,27
29.05475702,CHI,0,1,1,11,8,34
29.06297057,CHI,1,1,1,13,3,32
29.07118412,CHI,0,1,1,10,9,26
29.07665982,CHI,0,1,1,9,13,37
29.07939767,CHI,0,1,1,10,4,40
29.08487337,CHI,0,1,1,11,3,51
29.09034908,CHI,1,0,1,15,4,25
29.09856263,CHI,1,1,1,6,6,50
29.10951403,CHI,1,1,1,4,6,44
29.11772758,CHI,0,1,1,4,3,36
29.12046543,CHI,1,1,1,2,5,31
29.12594114,CHI,1,1,1,6,7,15
29.13141684,CHI,0,0,1,2,2,26
29.13689254,CHI,1,1,1,5,7,30
29.14510609,CHI,0,1,1,4,6,35
29.14784394,CHI,1,1,1,5,8,23
29.15331964,CHI,1,1,1,1,7,12
29.16427105,CHI,0,1,1,4,8,21
29.16974675,CHI,1,1,1,2,7,32
29.72005476,CHI,0,1,1,6,2,29
29.72279261,CHI,1,0,1,4,11,35
29.72826831,CHI,1,1,1,2,12,24
29.73374401,CHI,1,1,1,10,4,37
29.73921971,CHI,0,1,1,6,4,34
29.74195756,CHI,1,1,1,4,7,18
29.75017112,CHI,0,1,1,3,5,32
29.75564682,CHI,0,1,1,6,2,35
29.75838467,CHI,0,0,1,13,7,54
29.76386037,CHI,0,1,1,3,7,40
29.76933607,CHI,0,1,1,5,7,49
29.78028747,CHI,0,0,1,6,4,17
29.79671458,CHI,1,1,1,13,2,38
29.79945243,CHI,1,1,1,3,5,24
29.80766598,CHI,0,0,1,12,8,32
29.81040383,CHI,1,1,1,11,10,28
29.81587953,CHI,1,0,1,11,4,26
29.81861739,CHI,1,1,1,6,3,38
29.82683094,CHI,1,1,1,4,6,25
29.83230664,CHI,0,1,1,7,8,28
29.83778234,CHI,1,0,1,10,10,23
29.84325804,CHI,1,1,1,8,3,18
29.84873374,CHI,1,1,1,2,10,57
29.85420945,CHI,1,1,1,8,5,42
29.8569473,CHI,0,1,1,9,8,17
29.86516085,CHI,0,1,1,12,11,28
29.8678987,CHI,0,1,1,6,8,39
29.87611225,CHI,1,1,1,8,5,39
29.8843258,CHI,1,0,1,4,5,36
29.88706366,CHI,0,0,1,8,3,23
29.89253936,CHI,1,1,1,8,7,35
29.89527721,CHI,0,0,1,11,6,30
29.90349076,CHI,0,1,1,8,4,23
29.91170431,CHI,1,1,1,12,10,26
29.91444216,CHI,1,0,1,6,1,64
29.91991786,CHI,1,1,1,8,3,29
29.92813142,CHI,0,1,1,3,4,30
29.93086927,CHI,1,0,1,6,2,28
29.93634497,CHI,0,0,1,11,3,42
29.94182067,CHI,0,1,1,10,4,15
29.94729637,CHI,0,0,1,6,4,26
29.95277207,CHI,0,0,1,7,5,39
29.95824778,CHI,0,1,1,7,2,37
29.96372348,CHI,0,1,1,3,2,36
29.96646133,CHI,0,1,1,6,4,33
29.97467488,CHI,0,1,1,11,5,34
29.98288843,CHI,0,1,1,9,8,40
29.99110198,CHI,1,0,1,6,5,25
29.99657769,CHI,1,1,1,8,6,32
30,CHI,1,1,1,8,6,27
30.0164271,CHI,1,1,1,3,4,34
30.02190281,CHI,0,1,1,4,4,36
30.02737851,CHI,1,1,1,9,8,34
30.03559206,CHI,0,1,1,9,8,24
30.05475702,CHI,1,1,1,4,9,38
30.06023272,CHI,0,0,1,5,8,29
30.06297057,CHI,1,1,1,9,5,52
30.06844627,CHI,0,0,1,5,6,28
30.07118412,CHI,1,1,1,9,4,23
30.08213552,CHI,1,1,1,3,5,25
30.08487337,CHI,0,1,1,8,4,47
30.09308693,CHI,1,1,1,5,7,34
30.09582478,CHI,0,1,1,2,4,43
30.10130048,CHI,1,1,1,7,6,18
30.11225188,CHI,1,0,1,3,5,44
30.12046543,CHI,1,1,1,7,7,40
30.12594114,CHI,0,1,1,5,2,32
30.13141684,CHI,0,0,1,5,6,30
30.13963039,CHI,0,1,1,12,4,30
30.14236824,CHI,0,1,1,6,5,25
30.14784394,CHI,0,1,1,6,4,23
30.15331964,CHI,1,1,1,4,4,34
30.15879535,CHI,1,1,1,7,5,47
30.16427105,CHI,0,0,1,1,9,32
30.16974675,CHI,1,1,1,3,4,28
30.17522245,CHI,1,1,1,7,4,36
30.1779603,CHI,0,0,1,4,3,38
30.183436,CHI,0,0,1,6,7,21
32.08213552,CHI,0,0,1,6,6,19
32.09034908,CHI,0,1,1,3,3,27
32.09582478,CHI,1,0,1,4,8,21
32.09856263,CHI,0,1,1,4,2,32
32.10677618,CHI,0,1,1,4,2,55
32.11225188,CHI,1,1,1,11,6,23
32.11772758,CHI,1,1,1,5,6,12
32.12867899,CHI,0,1,1,11,2,37
32.13415469,CHI,1,1,1,8,9,28
32.13963039,CHI,0,0,1,9,5,21
32.14510609,CHI,1,1,1,11,6,25
32.14784394,CHI,0,1,1,9,9,29
32.15879535,CHI,1,1,1,6,4,28
32.1615332,CHI,0,1,1,5,4,31
32.16974675,CHI,1,1,1,8,7,17
32.17522245,CHI,1,1,1,2,4,19
32.1779603,CHI,0,0,1,11,7,33
32.70910335,CHI,1,1,1,6,7,42
32.7118412,CHI,1,1,1,0,3,15
32.72005476,CHI,1,1,1,4,5,38
32.72553046,CHI,0,1,1,5,3,29
32.73100616,CHI,1,1,1,3,7,36
32.73921971,CHI,0,0,1,7,6,23
32.74195756,CHI,1,1,1,7,2,20
32.74743326,CHI,1,1,1,3,3,18
32.75838467,CHI,0,1,1,8,5,36
32.76112252,CHI,0,1,1,9,2,38
32.76659822,CHI,0,1,1,8,6,34
32.77207392,CHI,0,0,1,5,4,22
32.77481177,CHI,0,1,1,3,8,33
32.78302533,CHI,0,1,1,3,4,29
32.78850103,CHI,0,1,1,11,5,37
32.79945243,CHI,1,1,1,3,8,22
32.80492813,CHI,1,1,1,5,6,28
32.80766598,CHI,0,1,1,5,4,45
32.81861739,CHI,1,1,1,6,2,36
32.82135524,CHI,0,1,1,3,1,22
32.82683094,CHI,1,1,1,7,6,20
32.83230664,CHI,0,1,1,6,3,37
32.83504449,CHI,1,1,1,4,4,32
32.84325804,CHI,1,1,1,10,5,27
32.84599589,CHI,1,1,1,7,8,30
32.85420945,CHI,0,0,1,10,4,30
32.862423,CHI,1,1,1,7,3,29
32.86516085,CHI,1,1,1,7,6,33
32.87611225,CHI,1,1,1,8,5,38
32.8788501,CHI,0,1,1,5,5,27
32.8843258,CHI,1,1,1,2,3,32
32.89527721,CHI,1,1,1,14,5,35
32.90349076,CHI,0,1,1,10,2,48
32.90896646,CHI,0,1,1,4,2,46
32.91170431,CHI,1,1,1,7,2,32
32.91718001,CHI,0,1,1,9,2,38
32.92539357,CHI,0,1,1,8,4,36
32.93086927,CHI,0,1,1,6,4,33
32.93360712,CHI,1,1,1,3,6,12
32.93908282,CHI,1,1,1,9,4,25
32.94455852,CHI,1,1,1,6,6,31
32.95003422,CHI,0,1,1,8,1,22
32.95550992,CHI,0,1,1,2,1,27
32.95824778,CHI,0,1,1,7,7,17
32.96372348,CHI,0,0,1,3,4,39
32.96919918,CHI,0,0,1,2,6,28
32.97193703,CHI,0,1,1,11,6,40
32.98836413,CHI,1,1,1,9,3,32
32.99383984,CHI,0,1,1,8,5,32
32.99657769,CHI,0,1,1,7,4,35
33.00273785,CHI,0,1,1,5,7,44
33.00821355,CHI,1,1,1,9,6,14
33.01368925,CHI,0,1,1,3,3,34
33.0164271,CHI,0,0,1,9,5,31
33.02190281,CHI,1,1,1,5,7,23
33.02737851,CHI,1,1,1,6,7,35
33.03559206,CHI,1,1,1,3,6,17
33.03832991,CHI,1,1,1,8,8,21
33.04654346,CHI,1,1,1,8,4,33
33.05201916,CHI,1,1,1,11,2,53
33.06023272,CHI,0,0,1,8,3,32
33.06844627,CHI,1,1,1,6,5,37
33.07392197,CHI,1,1,1,6,3,33
33.07665982,CHI,0,1,1,16,5,37
33.08213552,CHI,0,1,1,11,4,38
33.08487337,CHI,1,1,1,9,3,20
33.09034908,CHI,1,1,1,11,5,36
33.09856263,CHI,0,0,1,9,2,36
33.10951403,CHI,1,1,1,5,7,13
33.11498973,CHI,1,1,1,9,6,21
33.12320329,CHI,0,1,1,8,3,32
33.12867899,CHI,1,1,1,7,3,40
33.13141684,CHI,0,1,1,5,4,24
33.13689254,CHI,0,1,1,3,1,27
33.13963039,CHI,1,0,1,11,5,40
33.14784394,CHI,0,1,1,7,3,17
33.15058179,CHI,1,1,1,3,0,23
33.15605749,CHI,0,1,1,12,3,32
33.1615332,CHI,0,1,1,9,4,22
33.1670089,CHI,1,1,1,5,1,30
33.1724846,CHI,1,0,1,2,6,24
33.17522245,CHI,0,1,1,4,4,26
33.7063655,CHI,0,1,1,4,3,30
33.70910335,CHI,1,1,1,2,5,27
33.71731691,CHI,1,1,1,7,3,22
33.72005476,CHI,0,1,1,6,0,50
33.72553046,CHI,0,1,1,4,8,15
33.72826831,CHI,1,1,1,3,3,27
33.73374401,CHI,1,1,1,2,5,26
33.73921971,CHI,1,1,1,5,3,28
33.74469541,CHI,0,1,1,1,2,38
33.74743326,CHI,1,1,1,5,3,25
33.75838467,CHI,0,1,1,4,4,37
33.76112252,CHI,0,1,1,7,3,31
33.76659822,CHI,0,0,1,6,4,44
33.77207392,CHI,0,1,1,7,2,40
33.78302533,CHI,0,1,1,7,4,36
33.78576318,CHI,0,1,1,9,3,35
33.79397673,CHI,0,1,1,6,6,40
33.79945243,CHI,1,1,1,4,6,20
33.80492813,CHI,1,0,1,9,3,37
33.80766598,CHI,0,0,1,9,8,13
33.81587953,CHI,1,1,1,7,3,27
33.82135524,CHI,0,1,1,6,6,32
33.82409309,CHI,1,1,1,9,5,29
33.83230664,CHI,1,1,1,9,3,30
33.83778234,CHI,0,1,1,8,1,35
33.84325804,CHI,0,1,1,1,3,31
33.84873374,CHI,1,1,1,3,4,24
33.85420945,CHI,1,1,1,10,2,23
33.8569473,CHI,0,0,1,3,1,34
33.862423,CHI,1,1,1,7,5,45
33.8678987,CHI,1,1,1,7,4,28
33.8788501,CHI,1,1,1,4,6,22
33.88706366,CHI,1,1,1,8,3,23
33.89801506,CHI,0,1,1,5,3,33
33.90075291,CHI,1,1,1,6,7,32
33.90896646,CHI,1,1,1,2,2,39
33.91170431,CHI,0,1,1,3,4,25
33.91718001,CHI,1,1,1,7,11,24
33.92265572,CHI,0,0,1,14,5,26
33.92813142,CHI,1,1,1,4,4,51
33.93360712,CHI,0,1,1,9,0,32
33.93908282,CHI,1,1,1,3,4,24
33.94729637,CHI,0,1,1,4,3,28
33.95277207,CHI,0,1,1,6,2,32
33.95550992,CHI,0,1,1,4,8,18
33.96098563,CHI,0,1,1,7,3,45
33.96646133,CHI,0,1,1,5,2,36
33.96919918,CHI,0,0,1,4,4,27
33.98562628,CHI,1,1,1,5,4,43
33.99383984,CHI,0,1,1,8,4,30
33.99931554,CHI,1,1,1,8,10,19
34.00273785,CHI,1,1,1,5,12,24
34.0109514,CHI,0,1,1,4,4,36
34.01368925,CHI,1,1,1,5,1,34
34.01916496,CHI,1,1,1,4,3,37
34.02737851,CHI,0,0,1,8,4,23
34.03011636,CHI,1,1,1,9,6,35
34.03832991,CHI,1,1,1,3,6,31
34.04380561,CHI,1,1,1,2,4,16
34.04928131,CHI,1,1,1,4,5,38
34.05475702,CHI,0,0,1,6,4,36
34.06023272,CHI,0,1,1,4,9,32
34.06297057,CHI,0,1,1,5,3,23
34.06844627,CHI,0,0,1,8,5,36
34.07118412,CHI,1,1,1,4,3,10
34.07939767,CHI,1,1,1,18,2,32
34.08761123,CHI,0,1,1,6,4,36
34.09034908,CHI,1,1,1,5,7,23
34.09856263,CHI,1,1,1,1,3,20
34.10403833,CHI,0,1,1,10,4,12
34.10951403,CHI,1,1,1,6,10,21
34.11772758,CHI,1,1,1,8,2,21
34.12320329,CHI,0,0,1,1,6,34
34.12594114,CHI,1,1,1,5,3,22
34.13141684,CHI,0,1,1,8,5,37
34.13415469,CHI,1,1,1,8,2,30
34.13963039,CHI,0,1,1,3,2,23
34.14236824,CHI,0,1,1,8,6,34
34.15058179,CHI,0,0,1,9,7,18
34.15331964,CHI,1,1,1,11,10,30
34.15879535,CHI,0,0,1,8,3,26
34.1670089,CHI,1,0,1,3,3,33
34.7008898,CHI,0,0,1,6,4,30
34.70362765,CHI,1,1,1,7,2,16
34.70910335,CHI,1,1,1,13,4,29
34.71457906,CHI,1,1,1,17,4,29
34.72005476,CHI,0,0,1,9,6,27
34.72279261,CHI,1,1,1,5,2,15
34.73100616,CHI,0,0,1,6,1,19
34.73374401,CHI,1,0,1,7,3,28
34.73921971,CHI,1,1,1,4,7,28
34.74195756,CHI,1,1,1,2,4,27
34.75564682,CHI,0,0,1,6,3,30
34.75838467,CHI,0,1,1,5,5,49
34.76386037,CHI,0,1,1,3,5,33
34.76933607,CHI,0,0,1,6,5,26
34.77754962,CHI,0,0,1,7,2,26
34.78028747,CHI,0,1,1,4,3,29
34.79123888,CHI,0,1,1,9,5,29
34.79671458,CHI,1,1,1,9,2,13
34.80766598,CHI,1,1,1,4,4,29
34.81040383,CHI,0,0,1,2,5,25
34.81587953,CHI,0,0,1,9,5,28
34.81861739,CHI,1,1,1,6,2,11
34.82409309,CHI,1,1,1,9,4,31
34.82956879,CHI,1,1,1,5,4,36
34.83778234,CHI,0,1,1,5,3,24
34.84599589,CHI,1,1,1,12,4,27
34.85147159,CHI,1,1,1,11,4,24
34.8569473,CHI,1,1,1,4,2,47
34.862423,CHI,1,1,1,7,0,41
34.86516085,CHI,0,0,1,4,1,33
34.8733744,CHI,1,1,1,5,1,44
34.87611225,CHI,0,1,1,9,9,34
34.8843258,CHI,1,1,1,3,4,19
34.88706366,CHI,0,0,1,4,1,26
34.89253936,CHI,0,1,1,4,2,44
34.89527721,CHI,1,1,1,6,3,32
34.90349076,CHI,1,1,1,1,2,40
34.90896646,CHI,0,0,1,9,4,20
34.91170431,CHI,0,1,1,8,2,27
34.91718001,CHI,1,1,1,3,3,45
34.92539357,CHI,1,1,1,5,6,33
34.93086927,CHI,0,1,1,5,1,32
34.93634497,CHI,1,0,1,5,7,32
34.94182067,CHI,0,1,1,0,3,20
34.94729637,CHI,0,1,1,5,4,29
34.95003422,CHI,0,1,1,8,3,14
34.95550992,CHI,0,0,1,5,2,31
34.95824778,CHI,0,1,1,6,3,15
34.96372348,CHI,0,0,1,7,3,40
34.98015058,CHI,1,1,1,5,1,18
34.98288843,CHI,0,1,1,4,6,29
34.98836413,CHI,1,1,1,7,1,37
34.99383984,CHI,1,1,1,12,5,21
35,CHI,1,1,1,4,6,27
35.0054757,CHI,0,1,1,4,5,16
35.0109514,CHI,0,1,1,8,3,19
35.0164271,CHI,1,1,1,7,6,17
35.02190281,CHI,1,0,1,4,3,33
35.03011636,CHI,1,1,1,2,2,28
35.03832991,CHI,1,1,1,7,2,30
35.05201916,CHI,0,1,1,8,6,42
35.05749487,CHI,1,1,1,4,4,37
35.06297057,CHI,0,0,1,7,3,26
35.06844627,CHI,0,1,1,5,3,30
35.07392197,CHI,1,1,1,7,1,17
35.07665982,CHI,0,1,1,4,2,35
35.08487337,CHI,1,1,1,4,3,24
35.09034908,CHI,0,1,1,4,3,33
35.09308693,CHI,1,1,1,7,2,24
35.09856263,CHI,0,1,1,7,8,17
35.10403833,CHI,0,1,1,5,4,34
35.10951403,CHI,0,1,1,2,0,30
35.11498973,CHI,1,1,1,3,8,26
35.12320329,CHI,1,1,1,6,4,41
35.12867899,CHI,0,1,1,4,3,40
35.13415469,CHI,1,1,1,4,3,30
35.13963039,CHI,0,0,1,6,4,29
35.14510609,CHI,1,1,1,4,2,37
35.15058179,CHI,1,0,1,4,3,27
35.15605749,CHI,0,0,1,6,4,19
35.1615332,CHI,0,1,1,6,2,24
35.16427105,CHI,1,1,1,3,3,44
38.69815195,WAS,0,0,1,5,6,19
38.70362765,WAS,0,1,1,6,6,31
38.70910335,WAS,1,1,1,6,9,20
38.7118412,WAS,0,0,1,8,2,19
38.72005476,WAS,0,0,1,8,2,32
38.72553046,WAS,1,0,1,3,3,32
38.73100616,WAS,1,0,1,12,4,16
38.73921971,WAS,1,0,1,4,3,31
38.74469541,WAS,1,0,1,7,3,44
38.75564682,WAS,1,0,1,4,6,30
38.76112252,WAS,0,0,1,5,6,21
38.76659822,WAS,1,1,1,11,6,17
38.77481177,WAS,0,0,1,4,5,18
38.77754962,WAS,0,1,1,6,7,30
38.78302533,WAS,0,1,1,7,5,22
38.78576318,WAS,1,0,1,7,7,15
38.79945243,WAS,0,1,1,6,7,18
38.80492813,WAS,0,1,1,12,4,21
38.81314168,WAS,0,1,1,6,9,16
38.81587953,WAS,1,1,1,6,7,25
38.82135524,WAS,1,1,1,6,6,19
38.82683094,WAS,0,1,1,4,3,21
38.83504449,WAS,1,1,1,4,6,23
38.84052019,WAS,0,1,1,6,8,12
38.84325804,WAS,0,1,1,1,3,26
38.85420945,WAS,0,0,1,4,7,28
38.8569473,WAS,0,0,1,4,4,6
38.862423,WAS,1,1,1,7,4,51
38.8678987,WAS,1,1,1,10,7,45
38.8788501,WAS,1,1,1,7,3,29
38.88980151,WAS,1,1,1,10,8,18
38.89801506,WAS,0,0,1,3,3,22
38.90075291,WAS,1,0,1,6,4,35
38.90896646,WAS,1,0,1,1,4,20
38.91170431,WAS,0,0,1,2,1,10
38.91991786,WAS,0,1,1,12,4,16
38.92539357,WAS,0,0,1,14,3,29
38.92813142,WAS,1,0,1,8,6,30
38.93360712,WAS,1,1,1,8,2,40
38.93908282,WAS,1,1,1,4,7,41
38.94729637,WAS,1,0,1,5,7,32
38.95277207,WAS,0,1,1,5,8,26
38.95550992,WAS,1,1,1,4,8,28
38.96098563,WAS,1,1,1,5,6,23
38.96646133,WAS,1,1,1,7,5,23
38.97193703,WAS,1,1,1,6,9,25
38.98562628,WAS,0,0,1,5,6,22
38.99110198,WAS,0,0,1,1,4,16
38.99383984,WAS,0,1,1,6,4,22
39.00273785,WAS,1,0,1,6,11,11
39.0109514,WAS,1,0,1,5,6,16
39.0164271,WAS,1,0,1,5,7,37
39.01916496,WAS,0,0,1,5,6,9
39.08487337,WAS,0,1,0,1,2,7
39.08761123,WAS,0,0,0,4,4,11
39.09582478,WAS,0,0,0,3,2,14
39.10130048,WAS,1,1,0,3,6,9
39.10951403,WAS,1,1,0,3,1,34
39.11498973,WAS,1,0,0,3,5,10
39.12046543,WAS,1,0,0,3,3,2
39.69815195,WAS,0,0,0,3,1,8
39.7008898,WAS,1,1,0,4,5,21
39.7063655,WAS,1,0,0,2,2,21
39.71457906,WAS,0,0,0,2,1,10
39.71731691,WAS,1,1,0,3,4,6
39.72279261,WAS,1,1,0,3,3,25
39.72553046,WAS,0,1,0,8,6,12
39.73374401,WAS,1,0,0,6,4,27
39.73921971,WAS,1,1,0,6,1,19
39.74469541,WAS,1,1,0,5,2,8
39.74743326,WAS,0,0,0,2,3,19
39.76112252,WAS,0,0,0,2,1,8
39.76386037,WAS,0,0,0,6,5,20
39.77207392,WAS,1,0,0,1,2,28
39.78028747,WAS,0,0,0,4,1,14
39.78302533,WAS,1,0,1,4,2,16
39.79123888,WAS,1,1,1,7,4,25
39.79397673,WAS,0,1,1,9,4,21
39.79945243,WAS,0,0,1,6,0,16
39.80219028,WAS,1,1,1,9,2,20
39.81040383,WAS,1,0,1,5,1,14
39.81861739,WAS,0,0,1,5,4,12
39.82409309,WAS,0,1,1,8,9,2
39.82956879,WAS,0,1,1,3,2,30
39.83230664,WAS,1,1,1,5,2,33
39.84052019,WAS,0,0,1,5,3,16
39.84599589,WAS,0,0,1,7,8,13
39.85420945,WAS,1,0,1,4,1,17
39.85968515,WAS,1,1,1,4,5,10
39.86516085,WAS,0,0,1,8,9,21
39.8678987,WAS,1,1,1,7,3,17
39.8733744,WAS,0,1,1,5,5,10
39.8788501,WAS,1,1,1,12,4,41
39.8843258,WAS,0,1,1,11,7,19
39.88980151,WAS,1,1,1,10,7,14
39.89527721,WAS,1,0,1,2,5,14
39.89801506,WAS,0,1,1,10,3,23
39.90622861,WAS,1,0,1,5,4,22
39.91170431,WAS,1,1,1,6,8,32
39.91718001,WAS,1,0,1,8,7,25
39.92265572,WAS,1,1,1,5,6,25
39.92813142,WAS,0,0,1,4,3,18
39.93360712,WAS,0,0,1,5,3,11
39.93634497,WAS,1,0,1,8,5,17
39.94182067,WAS,1,1,1,7,1,19
39.94729637,WAS,0,0,1,5,5,8
39.95003422,WAS,0,0,1,4,4,24
39.95550992,WAS,1,1,1,3,6,45
39.96372348,WAS,1,1,1,4,8,27
39.98288843,WAS,0,0,1,7,2,12
39.98562628,WAS,0,1,1,6,12,23
39.99110198,WAS,0,0,1,2,3,11
40.0054757,WAS,0,0,1,6,2,20
40.0109514,WAS,1,1,1,10,3,43
40.0164271,WAS,1,0,1,9,3,30
40.02190281,WAS,0,1,1,6,3,25
40.02737851,WAS,1,1,1,11,6,35
40.03285421,WAS,1,1,1,8,8,17
40.03559206,WAS,0,0,1,8,2,21
40.04106776,WAS,1,0,1,3,2,4
40.04380561,WAS,1,1,1,9,0,10
40.04928131,WAS,1,0,1,9,3,27
40.05475702,WAS,0,0,1,8,1,39
40.06023272,WAS,1,1,1,4,2,23
40.06844627,WAS,0,0,1,5,4,15
40.07118412,WAS,1,1,1,8,1,19
40.07939767,WAS,1,0,1,11,3,23
40.08761123,WAS,0,0,1,5,2,14
40.09308693,WAS,0,0,1,5,4,24
40.09856263,WAS,0,1,1,5,7,25
40.10130048,WAS,0,1,1,10,4,26
40.10677618,WAS,0,0,1,0,4,23
40.11225188,WAS,0,0,1,5,2,19
40.12046543,WAS,1,0,1,1,4,17
40.12320329,WAS,0,0,1,14,7,22
40.13141684,WAS,0,1,1,13,7,25
40.13689254,WAS,0,1,1,10,3,26
40.13963039,WAS,1,0,1,10,1,21
40.14510609,WAS,0,1,1,2,4,25
40.14784394,WAS,1,0,1,8,6,17
40.15331964,WAS,1,0,1,8,1,21
40.15879535,WAS,0,0,1,4,4,15
